objectName,,,food,breakfast,1861-11-22,Class_compiled.xml
objectName,,,food,tea and toast,1861-11-22,Class_compiled.xml
objectName,,,weapon,muskets,1861-11-23,Class_compiled.xml
objectName,,,food,oyster pie,1861-11-23,Class_compiled.xml
objectName,,,,,1861-11-23,Class_compiled.xml
objectName,,,food,water,1861-12-03,Class_compiled.xml
objectName,,,equipment,tents,1861-12-03,Class_compiled.xml
objectName,,,equpiment,wall-tents,1861-12-03,Class_compiled.xml
objectName,,,equpiment,tent,1861-12-03,Class_compiled.xml
objectName,,,equipment,sheet iron cook stove,1861-12-03,Class_compiled.xml
objectName,,,equpiment,tent,1861-12-03,Class_compiled.xml
objectName,,,equipment,Speaker,1861-12-04,Class_compiled.xml
objectName,,,equipment,pole,1862-01-05,Class_compiled.xml
objectName,,,,flag,1861-12-06,Class_compiled.xml
objectName,,,food,tea,1861-12-10,Class_compiled.xml
objectName,,,equipment,candle,1861-12-10,Class_compiled.xml
objectName,,,equpiment,table,1861-12-11,Class_compiled.xml
objectName,,,clothing,blue jacket trimmed with yellow,1861-12-11,Class_compiled.xml
objectName,,,clothing,blue scarf,1861-12-11,Class_compiled.xml
objectName,,,equipment,kyblue pants,1861-12-11,Class_compiled.xml
objectName,,,equipment,white leggings.,1861-12-11,Class_compiled.xml
objectName,,,Clothing,Zouave costume,1861-12-11,Class_compiled.xml
objectName,,,other,tobacco,1861-12-11,Class_compiled.xml
objectName,,,,uniform,1861-12-12,Class_compiled.xml
objectName,,,drink,tea,1861-12-12,Class_compiled.xml
objectName,,,clothing,Zouave uniform,1861-12-12,Class_compiled.xml
objectName,,,other,little box,1861-12-12,Class_compiled.xml
objectName,,,other,fancy box,1861-12-12,Class_compiled.xml
objectName,,,food,birds eggs = lozenges,1861-12-12,Class_compiled.xml
objectName,,,clothing,bear skin hat,1861-12-13,Class_compiled.xml
objectName,,,equipment,knapsacks,1861-12-15,Class_compiled.xml
objectName,,,clothing,dress,1861-12-17,Class_compiled.xml
objectName,,,clothing,Zouave cap,1861-12-17,Class_compiled.xml
objectName,,,clothing,tassel,1861-12-17,Class_compiled.xml
objectName,,,clothing,costume,1861-12-17,Class_compiled.xml
objectName,,,mail,box,1861-12-17,Class_compiled.xml
objectName,,,clothing,shoes,1861-12-17,Class_compiled.xml
objectName,,,food,turkeys,1861-12-17,Class_compiled.xml
objectName,,,food,chickens,1861-12-17,Class_compiled.xml
objectName,,,food,butter,1861-12-17,Class_compiled.xml
objectName,,,mail,photograph,1861-12-17,Class_compiled.xml
objectName,,,vehicle,transports,1861-12-17,Class_compiled.xml
objectName,,,equipment,tent,1861-12-18,Class_compiled.xml
objectName,,,equipment,writing desk,1861-12-18,Class_compiled.xml
objectName,,,food,steaks,1861-12-18,Class_compiled.xml
objectName,,,food,Rice,1861-12-18,Class_compiled.xml
objectName,,,food,bread,1861-12-18,Class_compiled.xml
objectName,,,equipment,tent,1861-12-18,Class_compiled.xml
objectName,,,equipment,tent pole,1861-12-18,Class_compiled.xml
objectName,,,equipment,stakes,1861-12-18,Class_compiled.xml
objectName,,,equipment,tent,1861-12-18,Class_compiled.xml
objectName,,,equipment,bullets,1861-12-18,Class_compiled.xml
objectName,,,equipment,bullets,1861-12-18,Class_compiled.xml
objectName,,,equipment,rifles,1861-12-18,Class_compiled.xml
objectName,,,vehicle,baggage train,1861-12-18,Class_compiled.xml
objectName,,,vehicle,baggage train,1861-12-18,Class_compiled.xml
objectName,,,food,oysters,1861-12-18,Class_compiled.xml
objectName,,,nature,horseback,1861-12-19,Class_compiled.xml
objectName,,,food,dinner,1861-12-19,Class_compiled.xml
objectName,,,vehicle,carriage,1861-12-19,Class_compiled.xml
objectName,,,nature,tobacco,1861-12-19,Class_compiled.xml
objectName,,,nature,horse,1861-12-20,Class_compiled.xml
objectName,,,equipment,bayonet,1861-12-20,Class_compiled.xml
objectName,,,drink,whiskey,1861-12-20,Class_compiled.xml
objectName,,,equipment,bed,1861-12-20,Class_compiled.xml
objectName,,,drink,tea,1861-12-20,Class_compiled.xml
objectName,,,food,tea,1861-12-21,Class_compiled.xml
objectName,,,food,roast chicken,1861-12-21,Class_compiled.xml
objectName,,,vehicle,transports,1861-12-21,Class_compiled.xml
objectName,,,mail,letter,1861-12-21,Class_compiled.xml
objectName,,,equipment,arms,1861-12-22,Class_compiled.xml
objectName,,,equipment,accoutrements,1861-12-22,Class_compiled.xml
objectName,,,food,dinner,1861-12-22,Class_compiled.xml
objectName,,,nature,ever greenes,1861-12-22,Class_compiled.xml
objectName,,,nature,pine,1861-12-22,Class_compiled.xml
objectName,,,nature,pine,1861-12-22,Class_compiled.xml
objectName,,,equipment,flags,1861-12-22,Class_compiled.xml
objectName,,,equipment,devices,1861-12-22,Class_compiled.xml
objectName,,,vehicle,vessels,1861-12-22,Class_compiled.xml
objectName,,,vehicle,transports,1861-12-22,Class_compiled.xml
objectName,,,vehicle,side wheel steamers,1861-12-22,Class_compiled.xml
objectName,,,vehicle,New Hampshire,1861-12-22,Class_compiled.xml
objectName,,,vehicle,New York,1861-12-22,Class_compiled.xml
objectName,,,equipment,artillary,1861-12-22,Class_compiled.xml
objectName,,,vehicle,train,1861-12-22,Class_compiled.xml
objectName,,,equipment,tombstones,1861-12-22,Class_compiled.xml
objectName,,,equipment,tombs,1861-12-22,Class_compiled.xml
objectName,,,nature,marble,1861-12-22,Class_compiled.xml
objectName,,,equipment,iron railing,1861-12-22,Class_compiled.xml
objectName,,,food,chickens,1861-12-22,Class_compiled.xml
objectName,,,nature,branches,1861-12-22,Class_compiled.xml
objectName,,,nature,tree,1861-12-22,Class_compiled.xml
objectName,,,mail,payrolls,1861-12-24,Class_compiled.xml
objectName,,,equipment,arches,1861-12-24,Class_compiled.xml
objectName,,,equipment,stained windows,1861-12-24,Class_compiled.xml
objectName,,,equipment,decorations,1861-12-24,Class_compiled.xml
objectName,,,equipment,white walls,1861-12-24,Class_compiled.xml
objectName,,,clothing,white gloves,1861-12-25,Class_compiled.xml
objectName,,,equipment,old barrels,1861-12-25,Class_compiled.xml
objectName,,,clothing,coats,1861-12-26,Class_compiled.xml
objectName,,,equipment,drill,1861-12-28,Class_compiled.xml
objectName,,,equipment,manual.,1861-12-28,Class_compiled.xml
objectName,,,equipment,muskets,1861-12-28,Class_compiled.xml
objectName,,,vehicle,transport fleet,1861-12-28,Class_compiled.xml
objectName,,,drink,tea,1861-12-28,Class_compiled.xml
objectName,,,equipment,baggage,1861-12-29,Class_compiled.xml
objectName,,,mail,letters,1861-12-29,Class_compiled.xml
objectName,,,equipment,gold watch,1861-12-30,Class_compiled.xml
objectName,,,equipment,silver watch,1861-12-30,Class_compiled.xml
objectName,,,equipment,canvas walls,1861-12-31,Class_compiled.xml
objectName,,,clothing,caps,1862-01-01,Class_compiled.xml
objectName,,,equipment,tent,1862-01-01,Class_compiled.xml
objectName,,,mail,letter,1862-01-01,Class_compiled.xml
objectName,,,nature,wood,1862-01-06,Class_compiled.xml
objectName,,,nature,wood,1862-01-06,Class_compiled.xml
objectName,,,equipment,packages,1862-01-06,Class_compiled.xml
objectName,,,mail,money,1862-01-06,Class_compiled.xml
objectName,,,vehicle,truck,1862-01-06,Class_compiled.xml
objectName,,,equipment,boxes,1862-01-06,Class_compiled.xml
objectName,,,equipment,barrels,1862-01-06,Class_compiled.xml
objectName,,,mail,money packages,1862-01-06,Class_compiled.xml
objectName,,,food,crackers,1862-01-06,Class_compiled.xml
objectName,,,clothing,old shoes,1862-01-06,Class_compiled.xml
objectName,,,vehicle,Scout,1862-01-06,Class_compiled.xml
objectName,,,vehicle,Cossack steamer,1862-01-06,Class_compiled.xml
objectName,,,vehicle,steamer,1862-01-06,Class_compiled.xml
objectName,,,equipment,baggage,1862-01-06,Class_compiled.xml
objectName,,,drink,tea,1862-01-06,Class_compiled.xml
objectName,,,drink,liquor,1862-01-06,Class_compiled.xml
objectName,,,vehicle,vessels,1862-01-06,Class_compiled.xml
objectName,,,equipment,table,1862-01-06,Class_compiled.xml
objectName,,,equipment,table,1862-01-06,Class_compiled.xml
objectName,,,mail,slips of paper,1862-01-06,Class_compiled.xml
objectName,,,drink,coffee,1862-01-06,Class_compiled.xml
objectName,,,food,ham,1862-01-06,Class_compiled.xml
objectName,,,equipment,canteen,1862-01-06,Class_compiled.xml
objectName,,,drink,water,1862-01-06,Class_compiled.xml
objectName,,,vehicle,Northerner,1862-01-06,Class_compiled.xml
objectName,,,mail,package of money,1862-01-06,Class_compiled.xml
objectName,,,clothing,knapsacks,1862-01-06,Class_compiled.xml
objectName,,,equipment,portfolio,1862-01-06,Class_compiled.xml
objectName,,,equipment,writing material,1862-01-06,Class_compiled.xml
objectName,,,equipment,cigars,1862-01-06,Class_compiled.xml
objectName,,,clothing,blanket,1862-01-06,Class_compiled.xml
objectName,,,food,loaves of bread,1862-01-06,Class_compiled.xml
objectName,,,drink,coffee,1862-01-06,Class_compiled.xml
objectName,,,food,boiled ham,1862-01-06,Class_compiled.xml
objectName,,,equipment,camp chest,1862-01-06,Class_compiled.xml
objectName,,,food,butter,1862-01-06,Class_compiled.xml
objectName,,,vehicle,Cossack,1862-01-07,Class_compiled.xml
objectName,,,vehicle,Eastern City,1862-01-07,Class_compiled.xml
objectName,,,equipment,steamer,1862-01-07,Class_compiled.xml
objectName,,,Furniture,carpet,1862-01-07,Class_compiled.xml
objectName,,,Furniture,curtains,1862-01-07,Class_compiled.xml
objectName,,,Furniture,washing place,1862-01-07,Class_compiled.xml
objectName,,,Furniture,mirrors,1862-01-07,Class_compiled.xml
objectName,,,vehicle,steamboats,1862-01-07,Class_compiled.xml
objectName,,,vehicle,ships,1862-01-07,Class_compiled.xml
objectName,,,vehicle,steamboats,1862-01-07,Class_compiled.xml
objectName,,,vehicle,ship,1862-01-07,Class_compiled.xml
objectName,,,Equipment,glass,1862-01-07,Class_compiled.xml
objectName,,,,boat,1862-01-07,Class_compiled.xml
objectName,,,,windows,1862-01-07,Class_compiled.xml
objectName,,,,Imolita,1862-01-07,Class_compiled.xml
objectName,,,equipment,guns,1862-01-07,Class_compiled.xml
objectName,,,mail,letters,1862-01-07,Class_compiled.xml
objectName,,,vehicle,boat,1862-01-07,Class_compiled.xml
objectName,,,Equipment,boards,1862-01-07,Class_compiled.xml
objectName,,,equipment,steamer,1862-01-07,Class_compiled.xml
objectName,,,Equipment,boat,1862-01-07,Class_compiled.xml
objectName,,,vehicle,boats,1862-01-07,Class_compiled.xml
objectName,,,vehicle,boat,1862-01-07,Class_compiled.xml
objectName,,,vehicle,boat,1862-01-07,Class_compiled.xml
objectName,,,vehicle,ships,1861-11-22,Class_compiled.xml
objectName,,,vehicle,boat,1861-11-22,Class_compiled.xml
objectName,,,vehicle,boat,1861-11-22,Class_compiled.xml
objectName,,,equipment,"steamer,",1861-11-22,Class_compiled.xml
objectName,,,vehicle,boat,1861-11-22,Class_compiled.xml
objectName,,,equipment,vessel,1861-11-22,Class_compiled.xml
objectName,,,,"Eastern City,",1861-11-22,Class_compiled.xml
objectName,,,vehicle,ships,1861-11-22,Class_compiled.xml
objectName,,,equipment,steamers,1861-11-22,Class_compiled.xml
objectName,,,,flag,1861-11-22,Class_compiled.xml
objectName,,,,flag,1861-11-22,Class_compiled.xml
objectName,,,,deck,1861-11-22,Class_compiled.xml
objectName,,,,Cossack,1861-11-22,Class_compiled.xml
objectName,,,equipment,rockets,1861-11-22,Class_compiled.xml
objectName,,,equipment,gun,1861-11-22,Class_compiled.xml
objectName,,,equipment,guns,1861-11-22,Class_compiled.xml
objectName,,,Readable,letter,1861-11-22,Class_compiled.xml
objectName,,,equipment,pistol,1861-11-22,Class_compiled.xml
objectName,,,clothing,shoes,1861-11-22,Class_compiled.xml
objectName,,,equipment,glass,1861-11-22,Class_compiled.xml
objectName,,,Equipment,toys.,1861-11-22,Class_compiled.xml
objectName,,,clothing,shirt,1861-11-22,Class_compiled.xml
objectName,,,mail,map,1861-11-22,Class_compiled.xml
objectName,,,vehicle,ship,1861-11-22,Class_compiled.xml
objectName,,,,Cossack,1861-11-22,Class_compiled.xml
objectName,,,equipment,stern,1861-11-22,Class_compiled.xml
objectName,,,vehicle,ship,1861-11-22,Class_compiled.xml
objectName,,,,window,1861-11-22,Class_compiled.xml
objectName,,,,window,1861-11-22,Class_compiled.xml
objectName,,,vehicle,boats,1861-11-22,Class_compiled.xml
objectName,,,equipment,stern,1861-11-22,Class_compiled.xml
objectName,,,equipment,rockets,1861-11-22,Class_compiled.xml
objectName,,,equipment,gun,1861-11-22,Class_compiled.xml
objectName,,,equipment,guns,1861-11-22,Class_compiled.xml
objectName,,,vehicle,ships,1861-11-22,Class_compiled.xml
objectName,,,vehicle,boat,1861-11-22,Class_compiled.xml
objectName,,,clothing,hat,1861-11-22,Class_compiled.xml
objectName,,,clothing, coat,1861-11-22,Class_compiled.xml
objectName,,,clothing,hats,1861-11-22,Class_compiled.xml
objectName,,,vehicle,ship,1861-11-22,Class_compiled.xml
objectName,,,equipment,vessel,1861-11-22,Class_compiled.xml
objectName,,,equipment,vessels,1861-11-22,Class_compiled.xml
objectName,,,equipment,ship,1861-11-22,Class_compiled.xml
objectName,,,equipment,ship.,1861-11-22,Class_compiled.xml
objectName,,,mail,charts,1861-11-22,Class_compiled.xml
objectName,,,mail,drawings,1861-11-22,Class_compiled.xml
objectName,,,equipment,cartridges,1861-11-22,Class_compiled.xml
objectName,,,vehicle,boat,1861-11-22,Class_compiled.xml
objectName,,,equipment,engines,1861-11-22,Class_compiled.xml
objectName,,,equipment,vessels,1861-11-22,Class_compiled.xml
objectName,,,,flag,1861-11-22,Class_compiled.xml
objectName,,,equipment,poles,1861-11-22,Class_compiled.xml
objectName,,,equipment,ropes,1861-11-22,Class_compiled.xml
objectName,,,vehicle,boat.,1861-11-22,Class_compiled.xml
objectName,,,vehicle,gunboat,1861-11-22,Class_compiled.xml
objectName,,,vehicle,watch-boat,1861-11-22,Class_compiled.xml
objectName,,,vehicle,surf boat,1862-01-11,Class_compiled.xml
objectName,,,clothing,uniform light blue,1862-01-11,Class_compiled.xml
objectName,,,equipment,Union Gun,1862-01-11,Class_compiled.xml
objectName,,,equipment,guns,1862-01-11,Class_compiled.xml
objectName,,,equipment,drawing paper,1862-01-11,Class_compiled.xml
objectName,,,vehicle,vessel,1862-01-11,Class_compiled.xml
objectName,,,vehicle,Scout,1862-01-11,Class_compiled.xml
objectName,,,vehicle,Brig,1862-01-11,Class_compiled.xml
objectName,,,vehicle,boat,1862-01-12,Class_compiled.xml
objectName,,,vehicle,Picket,1862-01-12,Class_compiled.xml
objectName,,,vehicle,Cossack,1862-01-12,Class_compiled.xml
objectName,,,vehicle,City of New York,1862-01-12,Class_compiled.xml
objectName,,,vehicle,small boat,1862-01-12,Class_compiled.xml
objectName,,,vehicle,ship,1862-01-13,Class_compiled.xml
objectName,,,vehicle,boat,1862-01-13,Class_compiled.xml
objectName,,,food,bread basket,1862-01-13,Class_compiled.xml
objectName,,,vehicle,Eastern Queen,1862-01-13,Class_compiled.xml
objectName,,,vehicle,George Peabody,1862-01-13,Class_compiled.xml
objectName,,,vehicle,Picket,1862-01-13,Class_compiled.xml
objectName,,,vehicle,Picket,1862-01-13,Class_compiled.xml
objectName,,,vehicle,Peabody,1862-01-13,Class_compiled.xml
objectName,,,vehicle,Spaulding,1862-01-13,Class_compiled.xml
objectName,,,vehicle,Spaulding,1862-01-13,Class_compiled.xml
objectName,,,vehicle,Picket,1862-01-13,Class_compiled.xml
objectName,,,vehicle,Spaulding,1862-01-13,Class_compiled.xml
objectName,,,vehicle,Picket,1862-01-13,Class_compiled.xml
objectName,,,food,ham,1862-01-13,Class_compiled.xml
objectName,,,food,bread,1862-01-13,Class_compiled.xml
objectName,,,vehicle,Picket,1862-01-14,Class_compiled.xml
objectName,,,vehicle,steamship New York,1862-01-14,Class_compiled.xml
objectName,,,food,meat,1862-01-14,Class_compiled.xml
objectName,,,clothing,belt with a bayonet & scabbard,1862-01-14,Class_compiled.xml
objectName,,,clothing,blouse,1862-01-14,Class_compiled.xml
objectName,,,clothing,pants,1862-01-14,Class_compiled.xml
objectName,,,mail,newspapers,1862-01-14,Class_compiled.xml
objectName,,,food,salts,1862-01-14,Class_compiled.xml
objectName,,,clothing,hat,1862-01-14,Class_compiled.xml
objectName,,,vehicle,Scout,1862-01-14,Class_compiled.xml
objectName,,,vehicle,steamship City of New York,1862-01-14,Class_compiled.xml
objectName,,,food,soft bread,1862-01-14,Class_compiled.xml
objectName,,,food,pea soup,1862-01-14,Class_compiled.xml
objectName,,,food,hard bread,1862-01-14,Class_compiled.xml
objectName,,,food,butter,1862-01-14,Class_compiled.xml
objectName,,,equipment,haversack,1862-01-14,Class_compiled.xml
objectName,,,equipment,knife,1862-01-14,Class_compiled.xml
objectName,,,food,hard bread,1862-01-14,Class_compiled.xml
objectName,,,food,cooked rice,1862-01-14,Class_compiled.xml
objectName,,,drink,tea,1862-01-14,Class_compiled.xml
objectName,,,food,rice,1862-01-14,Class_compiled.xml
objectName,,,drink,milk,1862-01-14,Class_compiled.xml
objectName,,,drink,water,1862-01-14,Class_compiled.xml
objectName,,,food,butter,1862-01-14,Class_compiled.xml
objectName,,,food,hard bread,1862-01-14,Class_compiled.xml
objectName,,,drink,tea,1862-01-14,Class_compiled.xml
objectName,,,food,rice,1862-01-14,Class_compiled.xml
objectName,,,food,salt,1862-01-14,Class_compiled.xml
objectName,,,food,sugar,1862-01-14,Class_compiled.xml
objectName,,,Vehicle,"""City of New York""",1862-12-15,Class_compiled.xml
objectName,,,vehicle,boat,1862-12-15,Class_compiled.xml
objectName,,,vehicle,boats,1862-12-15,Class_compiled.xml
objectName,,,vehicle,boats,1862-12-15,Class_compiled.xml
objectName,,,vehicle,boat,1862-12-15,Class_compiled.xml
objectName,,,vehicle,Schooner,1862-12-15,Class_compiled.xml
objectName,,,vehicle,boats,1862-12-15,Class_compiled.xml
objectName,,,vehicle,"boat,",1862-12-15,Class_compiled.xml
objectName,,,vehicle,Brig,1862-12-15,Class_compiled.xml
objectName,,,vehicle,"""Hope""",1862-12-15,Class_compiled.xml
objectName,,,vehicle,boat,1862-12-15,Class_compiled.xml
objectName,,,vehicle,Brig,1862-12-15,Class_compiled.xml
objectName,,,vehicle,"The City of New York""",1862-12-15,Class_compiled.xml
objectName,,,equipment,muskets,1862-12-15,Class_compiled.xml
objectName,,,equipment,rifles,1862-12-15,Class_compiled.xml
objectName,,,equipment,ammunition,1862-12-15,Class_compiled.xml
objectName,,,equipment,hay,1862-12-15,Class_compiled.xml
objectName,,,equipment,shot and shell,1862-12-15,Class_compiled.xml
objectName,,,equipment,baggage,1862-12-15,Class_compiled.xml
objectName,,,vehicle,boat,1862-12-15,Class_compiled.xml
objectName,,,food,tobacco,1862-12-15,Class_compiled.xml
objectName,,,nature,shells,1862-12-15,Class_compiled.xml
objectName,,,nature,sods,1862-12-15,Class_compiled.xml
objectName,,,equipment,barrels,1862-12-15,Class_compiled.xml
objectName,,,nature,sand,1862-12-15,Class_compiled.xml
objectName,,,equipment,steam engine,1862-12-15,Class_compiled.xml
objectName,,,drink,fresh water,1862-12-15,Class_compiled.xml
objectName,,,equipment,gun,1862-12-15,Class_compiled.xml
objectName,,,vehicle,schooners,1862-12-15,Class_compiled.xml
objectName,,,equipment,masts,1862-12-15,Class_compiled.xml
objectName,,,vehicle,boat,1862-12-15,Class_compiled.xml
objectName,,,vehicle,boat,1862-12-15,Class_compiled.xml
objectName,,,nature,hillock of sand,1862-12-15,Class_compiled.xml
objectName,,,vehicle,boat,1862-12-15,Class_compiled.xml
objectName,,,vehicle,ship,1862-12-15,Class_compiled.xml
objectName,,,vehicle,"the Highlander,",1862-12-15,Class_compiled.xml
objectName,,,vehicle,the Highlander,1862-12-15,Class_compiled.xml
objectName,,,clothing,coats,1862-12-15,Class_compiled.xml
objectName,,,vehicle,City of New York,1862-12-15,Class_compiled.xml
objectName,,,vehicle,boat,1862-12-15,Class_compiled.xml
objectName,,,vehicle,surf boat,1862-01-16,Class_compiled.xml
objectName,,,nature,sand beach,1862-01-16,Class_compiled.xml
objectName,,,vehicle,boat,1862-01-16,Class_compiled.xml
objectName,,,vehicle,steam tug,1862-01-16,Class_compiled.xml
objectName,,,equipment,barrels,1862-01-16,Class_compiled.xml
objectName,,,equipment,beds,1862-01-16,Class_compiled.xml
objectName,,,vehicle,schooner,1862-01-16,Class_compiled.xml
objectName,,,readable,army regulations,1862-01-16,Class_compiled.xml
objectName,,,food,fried pork,1862-01-16,Class_compiled.xml
objectName,,,food,boiled potatoes,1862-01-16,Class_compiled.xml
objectName,,,food,hard bread,1862-01-16,Class_compiled.xml
objectName,,,drink,coffee,1862-01-16,Class_compiled.xml
objectName,,,food,boiled potatoes,1862-01-16,Class_compiled.xml
objectName,,,food,soup,1862-01-16,Class_compiled.xml
objectName,,,food,fried pork,1862-01-16,Class_compiled.xml
objectName,,,food,boiled rice,1862-01-16,Class_compiled.xml
objectName,,,drink,tea,1862-01-16,Class_compiled.xml
objectName,,,food,molasses,1862-01-16,Class_compiled.xml
objectName,,,,cigars,1862-01-18,Class_compiled.xml
objectName,,,,cigar,1862-01-18,Class_compiled.xml
objectName,,,vehicle,gunboat,1862-01-18,Class_compiled.xml
objectName,,,vehicle,gunboats,1862-01-18,Class_compiled.xml
objectName,,,vehicle,schooner,1862-01-18,Class_compiled.xml
objectName,,,vehicle,ships,1862-01-18,Class_compiled.xml
objectName,,,vehicle,ferry boats,1862-01-19,Class_compiled.xml
objectName,,,vehicle,Patuxent,1862-01-19,Class_compiled.xml
objectName,,,vehicle,Pond Curlew,1862-01-19,Class_compiled.xml
objectName,,,equipment,arms,1862-01-19,Class_compiled.xml
objectName,,,equipment,equipments,1862-01-19,Class_compiled.xml
objectName,,,vehicle,Patuxent,1862-01-19,Class_compiled.xml
objectName,,,vehicle,Cossack,1862-01-19,Class_compiled.xml
objectName,,,vehicle,boats,1862-01-19,Class_compiled.xml
objectName,,,vehicle,Cossack,1862-01-19,Class_compiled.xml
objectName,,,vehicle,ships,1862-01-19,Class_compiled.xml
objectName,,,vehicle,Patuxent,1862-01-19,Class_compiled.xml
objectName,,,vehicle,light boat,1862-01-19,Class_compiled.xml
objectName,,,equipment,musket,1862-01-19,Class_compiled.xml
objectName,,,vehicle,schooner,1862-01-19,Class_compiled.xml
objectName,,,vehicle,horses,1862-01-19,Class_compiled.xml
objectName,,,vehicle,Peabody,1862-01-19,Class_compiled.xml
objectName,,,vehicle,horses,1862-01-19,Class_compiled.xml
objectName,,,vehicle,ship,1862-01-19,Class_compiled.xml
objectName,,,vehicle,boat,1862-01-19,Class_compiled.xml
objectName,,,equipment,rope,1862-01-19,Class_compiled.xml
objectName,,,vehicle,Patuxent,1862-01-19,Class_compiled.xml
objectName,,,vehicle,Ferry Boats,1862-01-19,Class_compiled.xml
objectName,,,vehicle,Curlew,1862-01-19,Class_compiled.xml
objectName,,,vehicle,Pilot-boy,1862-01-19,Class_compiled.xml
objectName,,,vehicle,Cossack,1862-01-19,Class_compiled.xml
objectName,,,equipment,boiler,1862-01-19,Class_compiled.xml
objectName,,,vehicle,horses,1862-01-19,Class_compiled.xml
objectName,,,vehicle,light Boats,1862-01-19,Class_compiled.xml
objectName,,,equipment,buoys,1862-01-19,Class_compiled.xml
objectName,,,nature,swash - a shoal of sand,1862-01-19,Class_compiled.xml
objectName,,,nature,sea-shell,1862-01-19,Class_compiled.xml
objectName,,,nature,shells,1862-01-19,Class_compiled.xml
objectName,,,nature,shells,1862-01-19,Class_compiled.xml
objectName,,,readable,New York Tribune,1862-01-19,Class_compiled.xml
objectName,,,vehicle,Patuxent,1861-11-22,Class_compiled.xml
objectName,,,vehicle,Cossack,1861-11-22,Class_compiled.xml
objectName,,,vehicle,Patuxent,1861-11-22,Class_compiled.xml
objectName,,,vehicle,Cossack,1861-11-22,Class_compiled.xml
objectName,,,vehicle,Scout,1861-11-22,Class_compiled.xml
objectName,,,vehicle,Patuxent's,1861-11-22,Class_compiled.xml
objectName,,,vehicle,Cossack,1861-11-22,Class_compiled.xml
objectName,,,nature,water,1861-11-22,Class_compiled.xml
objectName,,,nature,water,1861-11-22,Class_compiled.xml
objectName,,,vehicle,Scout,1861-11-22,Class_compiled.xml
objectName,,,vehicle,schooners,1861-11-22,Class_compiled.xml
objectName,,,vehicle,ship,1861-11-22,Class_compiled.xml
objectName,,,vehicle,ships,1861-11-22,Class_compiled.xml
objectName,,,vehicle,Patuxent,1862-01-21,Class_compiled.xml
objectName,,,vehicle,Pioneer,1862-01-21,Class_compiled.xml
objectName,,,vehicle,Union,1862-01-21,Class_compiled.xml
objectName,,,equipment,gunboat,1862-01-21,Class_compiled.xml
objectName,,,vehicle,Patuxent,1862-01-21,Class_compiled.xml
objectName,,,vehicle,the Eagle,1862-01-21,Class_compiled.xml
objectName,,,nature,water,1862-01-21,Class_compiled.xml
objectName,,,vehicle,schooner,1862-01-21,Class_compiled.xml
objectName,,,vehicle,vessels,1862-01-21,Class_compiled.xml
objectName,,,vehicle,Cossack,1862-01-21,Class_compiled.xml
objectName,,,vehicle,fleet,1861-11-22,Class_compiled.xml
objectName,,,vehicle,Patuxent,1861-11-22,Class_compiled.xml
objectName,,,vehicle,Union,1861-11-22,Class_compiled.xml
objectName,,,vehicle,tugs,1861-11-22,Class_compiled.xml
objectName,,,vehicle,Union,1861-11-22,Class_compiled.xml
objectName,,,vehicle,Cossack,1861-11-22,Class_compiled.xml
objectName,,,vehicle,tugs,1861-11-22,Class_compiled.xml
objectName,,,equipment,barrels,1861-11-22,Class_compiled.xml
objectName,,,equipment,flags,1861-11-22,Class_compiled.xml
objectName,,,equipment,mill,1861-11-22,Class_compiled.xml
objectName,,,equipment,chest,1861-11-22,Class_compiled.xml
objectName,,,equipment,blankets,1861-11-22,Class_compiled.xml
objectName,,,,fire place,1861-11-22,Class_compiled.xml
objectName,,,equipment,blanket,1861-11-22,Class_compiled.xml
objectName,,,,overcoat,1861-11-22,Class_compiled.xml
objectName,,,equipment,knapsacks,1861-11-22,Class_compiled.xml
objectName,,,,guns,1861-11-22,Class_compiled.xml
objectName,,,,cartridge boxes,1861-11-22,Class_compiled.xml
objectName,,,vehicle,Cossack,1861-11-22,Class_compiled.xml
objectName,,,drink,water,1861-11-22,Class_compiled.xml
objectName,,,vehicle,ship,1861-11-22,Class_compiled.xml
objectName,,,food,soup,1861-11-22,Class_compiled.xml
objectName,,,drink,coffee,1861-11-22,Class_compiled.xml
objectName,,,drink,water,1861-11-22,Class_compiled.xml
objectName,,,equipment,barrels of water,1861-11-22,Class_compiled.xml
objectName,,,drink,coffee,1861-11-22,Class_compiled.xml
objectName,,,drink,water,1861-11-22,Class_compiled.xml
objectName,,,drink,coffee,1861-11-22,Class_compiled.xml
objectName,,,drink,water,1861-11-22,Class_compiled.xml
objectName,,,vehicle,boats,1861-11-22,Class_compiled.xml
objectName,,,vehicle,tug,1861-11-22,Class_compiled.xml
objectName,,,vehicle,vessels,1861-11-22,Class_compiled.xml
objectName,,,vehicle,vessels,1861-11-22,Class_compiled.xml
objectName,,,vehicle,vessels,1862-01-23,Class_compiled.xml
objectName,,,nature,water,1862-01-23,Class_compiled.xml
objectName,,,vehicle,boat,1862-01-23,Class_compiled.xml
objectName,,,drink,water,1862-01-23,Class_compiled.xml
objectName,,,equipment,box,1862-01-23,Class_compiled.xml
objectName,,,equipment,presents,1862-01-24,Class_compiled.xml
objectName,,,drink,water,1862-01-24,Class_compiled.xml
objectName,,,readables,code of regulations,1862-01-24,Class_compiled.xml
objectName,,,vehicle,vessels,1862-01-24,Class_compiled.xml
objectName,,,vehicle,Scout,1862-01-25,Class_compiled.xml
objectName,,,equipment,glass,1862-01-25,Class_compiled.xml
objectName,,,vehicle,ship,1862-01-25,Class_compiled.xml
objectName,,,equipment,gun,1862-01-25,Class_compiled.xml
objectName,,,food,bread,1862-01-25,Class_compiled.xml
objectName,,,food,butter,1862-01-25,Class_compiled.xml
objectName,,,vehicle,boats,1862-01-25,Class_compiled.xml
objectName,,,vehicle,tugs,1862-01-25,Class_compiled.xml
objectName,,,equipment,cards,1862-01-25,Class_compiled.xml
objectName,,,equipment,chess-board,1862-01-25,Class_compiled.xml
objectName,,,equipment,checkers,1862-01-25,Class_compiled.xml
objectName,,,vehicle,ship,1862-01-25,Class_compiled.xml
objectName,,,equipment,bale of hay,1862-01-25,Class_compiled.xml
objectName,,,mail,instructions,1862-01-25,Class_compiled.xml
objectName,,,mail,regulations,1862-01-25,Class_compiled.xml
objectName,,,,the wild geese and ducks,1861-11-22,Class_compiled.xml
objectName,,,,sea gulls,1861-11-22,Class_compiled.xml
objectName,,,,Admiral,1861-11-22,Class_compiled.xml
objectName,,,,our boat,1861-11-22,Class_compiled.xml
objectName,,,,first cutter,1861-11-22,Class_compiled.xml
objectName,,,,Sutlers Schooner,1861-11-22,Class_compiled.xml
objectName,,,,the boat,1861-11-22,Class_compiled.xml
objectName,,,,the vessels so familiar to us,1861-11-22,Class_compiled.xml
objectName,,,,Scout,1861-11-22,Class_compiled.xml
objectName,,,,the vessels,1861-11-22,Class_compiled.xml
objectName,,,,Sutlers' boat,1861-11-22,Class_compiled.xml
objectName,,,,Northerner,1861-11-22,Class_compiled.xml
objectName,,,,Cossack,1861-11-22,Class_compiled.xml
objectName,,,,one of the southern papers,1861-11-22,Class_compiled.xml
objectName,,,,thirty ships,1861-11-22,Class_compiled.xml
objectName,,,,transports,1861-11-22,Class_compiled.xml
objectName,,,,gun boats,1861-11-22,Class_compiled.xml
objectName,,,,schooners,1861-11-22,Class_compiled.xml
objectName,,,,gunboats,1861-11-22,Class_compiled.xml
objectName,,,,guns,1861-11-22,Class_compiled.xml
objectName,,,,Scout,1861-11-22,Class_compiled.xml
objectName,,,,small rebel gunboat,1861-11-22,Class_compiled.xml
objectName,,,,Scout,1861-11-22,Class_compiled.xml
objectName,,,,gun-boats,1861-11-22,Class_compiled.xml
objectName,,,,the mail,1861-11-22,Class_compiled.xml
objectName,,,,letters,1861-11-22,Class_compiled.xml
objectName,,,,stage coaches,1861-11-22,Class_compiled.xml
objectName,,,,coach,1861-11-22,Class_compiled.xml
objectName,,,,coach,1861-11-22,Class_compiled.xml
objectName,,,,cow,1861-11-22,Class_compiled.xml
objectName,,,,roasted potatoes,1861-11-22,Class_compiled.xml
objectName,,,,galleys,1861-11-22,Class_compiled.xml
objectName,,,,potatoes,1861-11-22,Class_compiled.xml
objectName,,,,roasted potatoes,1861-11-22,Class_compiled.xml
objectName,,,,potatoes,1861-11-22,Class_compiled.xml
objectName,,,,gong,1861-11-22,Class_compiled.xml
objectName,,,,berth,1861-11-22,Class_compiled.xml
objectName,,,,light blue pants,1861-11-22,Class_compiled.xml
objectName,,,,light blues,1861-11-22,Class_compiled.xml
objectName,,,,dogs,1861-11-22,Class_compiled.xml
objectName,,,,roast potatoes,1861-11-22,Class_compiled.xml
objectName,,,,roast potatoes,1861-11-22,Class_compiled.xml
objectName,,,,tough biscuit,1861-11-22,Class_compiled.xml
objectName,,,,Shawl berth,1861-11-22,Class_compiled.xml
objectName,,,,roast potatoes,1861-11-22,Class_compiled.xml
objectName,,,,towels,1861-11-22,Class_compiled.xml
objectName,,,,towels,1861-11-22,Class_compiled.xml
objectName,,,,sofas,1861-11-22,Class_compiled.xml
objectName,,,,carpet,1861-11-22,Class_compiled.xml
objectName,,,,towells,1861-11-22,Class_compiled.xml
objectName,,,,dirty sheet,1861-11-22,Class_compiled.xml
objectName,,,,chewing tobacco,1861-11-22,Class_compiled.xml
objectName,,,,missing schooners,1861-11-22,Class_compiled.xml
objectName,,,,letters,1861-11-22,Class_compiled.xml
objectName,,,,air,1861-11-22,Class_compiled.xml
objectName,,,,barometer,1861-11-22,Class_compiled.xml
objectName,,,,bones,1861-11-22,Class_compiled.xml
objectName,,,,Lossings?] pictorial history of the U.S.,1861-11-22,Class_compiled.xml
objectName,,,,book,1861-11-22,Class_compiled.xml
objectName,,,,a suspicious sail,1861-11-22,Class_compiled.xml
objectName,,,,gun boat,1861-11-22,Class_compiled.xml
objectName,,,,our glasses,1861-11-22,Class_compiled.xml
objectName,,,,coal schooner,1861-11-22,Class_compiled.xml
objectName,,,,coal,1861-11-22,Class_compiled.xml
objectName,,,,Pawtuxent,1861-11-22,Class_compiled.xml
objectName,,,,Scout,1861-11-22,Class_compiled.xml
objectName,,,,our boat,1861-11-22,Class_compiled.xml
objectName,,,,Scout,1861-11-22,Class_compiled.xml
objectName,,,,the Rue,1861-11-22,Class_compiled.xml
objectName,,,,our camp equipage,1861-11-22,Class_compiled.xml
objectName,,,,coal schooner,1861-11-22,Class_compiled.xml
objectName,,,,many dead bodies,1861-11-22,Class_compiled.xml
objectName,,,,Spaulding,1861-11-22,Class_compiled.xml
objectName,,,,every ship load,1861-11-22,Class_compiled.xml
objectName,,,,her anchor,1861-11-22,Class_compiled.xml
objectName,,,,the ship,1861-11-22,Class_compiled.xml
objectName,,,,steamer,1861-11-22,Class_compiled.xml
objectName,,,,headquarters,1861-11-22,Class_compiled.xml
objectName,,,,steamer,1861-11-22,Class_compiled.xml
objectName,,,,Eastern State,1861-11-22,Class_compiled.xml
objectName,,,,Sutters Schooner,1861-11-22,Class_compiled.xml
objectName,,,,button,1861-11-22,Class_compiled.xml
objectName,,,,overcoat,1861-11-22,Class_compiled.xml
objectName,,,,sea-gulls,1861-11-22,Class_compiled.xml
objectName,,,,The ship,1861-11-22,Class_compiled.xml
objectName,,,,A schooner,1861-11-22,Class_compiled.xml
objectName,,,,water,1861-11-22,Class_compiled.xml
objectName,,,,Scout,1861-11-22,Class_compiled.xml
objectName,,,,letter,1861-11-22,Class_compiled.xml
objectName,,,,military detail,1861-11-22,Class_compiled.xml
objectName,,,,tugs,1861-11-22,Class_compiled.xml
objectName,,,,gunboats,1861-11-22,Class_compiled.xml
objectName,,,,boats,1861-11-22,Class_compiled.xml
objectName,,,,New Brunswick,1861-11-22,Class_compiled.xml
objectName,,,,tugs,1861-11-22,Class_compiled.xml
objectName,,,,steamer,1861-11-22,Class_compiled.xml
objectName,,,vehicle,schooner,1861-11-22,Class_compiled.xml
objectName,,,vehicle,gunboats,1861-11-22,Class_compiled.xml
objectName,,,,mail,1861-11-22,Class_compiled.xml
objectName,,,vehicle,John Benjamin Washington,1861-11-22,Class_compiled.xml
objectName,,,food,cornbread,1861-11-22,Class_compiled.xml
objectName,,,food,pork,1861-11-22,Class_compiled.xml
objectName,,,drink,tea,1861-11-22,Class_compiled.xml
objectName,,,drink,coffee,1861-11-22,Class_compiled.xml
objectName,,,drink,tea,1861-11-22,Class_compiled.xml
objectName,,,,Tree,1861-11-22,Class_compiled.xml
objectName,,,,leaves,1861-11-22,Class_compiled.xml
objectName,,,,ship,1861-11-22,Class_compiled.xml
objectName,,,,boat,1861-11-22,Class_compiled.xml
objectName,,,,dirt,1861-11-22,Class_compiled.xml
objectName,,,,boat,1861-11-22,Class_compiled.xml
objectName,,,,bed,1861-11-22,Class_compiled.xml
objectName,,,,boat,1861-11-22,Class_compiled.xml
objectName,,,vehicle,Scout,1861-11-22,Class_compiled.xml
objectName,,,,meals,1862-02-02,Class_compiled.xml
objectName,,,,schooners,1862-02-02,Class_compiled.xml
objectName,,,,letters,1862-02-02,Class_compiled.xml
objectName,,,,letter,1862-02-02,Class_compiled.xml
objectName,,,,tugs,1862-02-02,Class_compiled.xml
objectName,,,,boat,1862-02-03,Class_compiled.xml
objectName,,,,boat,1862-02-04,Class_compiled.xml
objectName,,,,boat,1862-02-04,Class_compiled.xml
objectName,,,,schooners,1862-02-05,Class_compiled.xml
objectName,,,,gun boats,1862-02-05,Class_compiled.xml
objectName,,,,American flag,1862-02-05,Class_compiled.xml
objectName,,,,foremast,1862-02-05,Class_compiled.xml
objectName,,,,anchor,1862-02-05,Class_compiled.xml
objectName,,,,gunboats,1862-02-05,Class_compiled.xml
objectName,,,,hams,1862-02-05,Class_compiled.xml
objectName,,,,hospital towels,1862-02-05,Class_compiled.xml
objectName,,,,whiskey,1862-02-05,Class_compiled.xml
objectName,,,,ham,1862-02-05,Class_compiled.xml
objectName,,,,beef tongue,1862-02-05,Class_compiled.xml
objectName,,,,towels,1862-02-05,Class_compiled.xml
objectName,,,,barrel of whiskey,1862-02-05,Class_compiled.xml
objectName,,,,anchor,1862-02-06,Class_compiled.xml
objectName,,,,grog,1862-02-06,Class_compiled.xml
objectName,,,,newspapers,1862-02-06,Class_compiled.xml
objectName,,,,boat,1862-02-06,Class_compiled.xml
objectName,,,,note,1862-02-06,Class_compiled.xml
objectName,,,,light house,1862-02-06,Class_compiled.xml
objectName,,,,boats,1862-02-06,Class_compiled.xml
objectName,,,,boats,1862-02-06,Class_compiled.xml
objectName,,,,gunboats,1862-02-06,Class_compiled.xml
objectName,,,,guns,1862-02-06,Class_compiled.xml
objectName,,,vehicle,gun boats,1862-02-07,Class_compiled.xml
objectName,,,vehicle,the fleet,1862-02-07,Class_compiled.xml
objectName,,,vehicle,gun boats,1862-02-07,Class_compiled.xml
objectName,,,equipment,the batteries,1862-02-07,Class_compiled.xml
objectName,,,equipment,shells,1862-02-07,Class_compiled.xml
objectName,,,vehicle,ships,1862-02-07,Class_compiled.xml
objectName,,,equipment,shells,1862-02-07,Class_compiled.xml
objectName,,,equipment,the battery,1862-02-07,Class_compiled.xml
objectName,,,equipment,the battery,1862-02-07,Class_compiled.xml
objectName,,,vehicle,boats,1862-02-07,Class_compiled.xml
objectName,,,equipment,gun,1862-02-07,Class_compiled.xml
objectName,,,ship,The Cossack,1862-02-07,Class_compiled.xml
objectName,,,vehicle,surf boats,1862-02-07,Class_compiled.xml
objectName,,,vehicle,the Patuxent,1862-02-07,Class_compiled.xml
objectName,,,clothing,hat,1862-02-07,Class_compiled.xml
objectName,,,vehicle,boats,1862-02-07,Class_compiled.xml
objectName,,,ship,The Scout,1862-02-07,Class_compiled.xml
objectName,,,vehicle,the Cossack,1862-02-07,Class_compiled.xml
objectName,,,ship,the Scout,1862-02-07,Class_compiled.xml
objectName,,,vehicle,the boats,1862-02-07,Class_compiled.xml
objectName,,,vehicle,boats,1862-02-07,Class_compiled.xml
objectName,,,vehicle,surf boats,1862-02-07,Class_compiled.xml
objectName,,,vehicle,small boat,1862-02-07,Class_compiled.xml
objectName,,,vehicle,boats,1862-02-07,Class_compiled.xml
objectName,,,ship,the Scout,1862-02-07,Class_compiled.xml
objectName,,,vehicle,gunboats,1862-02-07,Class_compiled.xml
objectName,,,equipment,battery,1862-02-07,Class_compiled.xml
objectName,,,vehicle,black gunboats,1862-02-07,Class_compiled.xml
objectName,,,equipment,steel guns,1862-02-07,Class_compiled.xml
objectName,,,vehicle,the Hunchback,1862-02-07,Class_compiled.xml
objectName,,,vehicle,The Delware,1862-02-07,Class_compiled.xml
objectName,,,vehicle,gun boats,1862-02-07,Class_compiled.xml
objectName,,,equipment,battery,1862-02-07,Class_compiled.xml
objectName,,,coffee,coffee,1862-02-07,Class_compiled.xml
objectName,,,food,bread,1862-02-07,Class_compiled.xml
objectName,,,food,ham,1862-02-07,Class_compiled.xml
objectName,,,equipment,table,1862-02-07,Class_compiled.xml
objectName,,,vehicle,the Deleware,1862-02-07,Class_compiled.xml
objectName,,,nature,the moon,1862-02-07,Class_compiled.xml
objectName,,,vehicle,Cossack,1862-02-07,Class_compiled.xml
objectName,,,vehicle,the steamer,1862-02-07,Class_compiled.xml
objectName,,,vehicle,boat,1862-02-07,Class_compiled.xml
objectName,,,body,feet,1862-02-07,Class_compiled.xml
objectName,,,vehicle,boat,1862-02-07,Class_compiled.xml
objectName,,,nature,saplings,1862-02-07,Class_compiled.xml
objectName,,,equipment,arms,1862-02-07,Class_compiled.xml
objectName,,,equipment,stacks,1862-02-07,Class_compiled.xml
objectName,,,equipment,alarm,1862-02-07,Class_compiled.xml
objectName,,,equipment,stacks,1862-02-07,Class_compiled.xml
objectName,,,nature,wood,1862-02-07,Class_compiled.xml
objectName,,,equipment,bedding,1862-02-07,Class_compiled.xml
objectName,,,nature,cornstalks,1862-02-07,Class_compiled.xml
objectName,,,nature,brush,1862-02-07,Class_compiled.xml
objectName,,,equipment,fences,1862-02-07,Class_compiled.xml
objectName,,,equipment,firewood,1862-02-07,Class_compiled.xml
objectName,,,nature,sticks,1862-02-07,Class_compiled.xml
objectName,,,equipment,gum parachute,1862-02-07,Class_compiled.xml
objectName,,,equipment,small gum blanket,1862-02-07,Class_compiled.xml
objectName,,,clothing,blue overcoat,1862-02-07,Class_compiled.xml
objectName,,,equipment,canvass tent,1862-02-07,Class_compiled.xml
objectName,,,vehicle,Cossack,1862-02-08,Class_compiled.xml
objectName,,,equipment,arms,1862-02-08,Class_compiled.xml
objectName,,,equipment,arms,1862-02-08,Class_compiled.xml
objectName,,,equipment,The alarm,1862-02-08,Class_compiled.xml
objectName,,,equipment,sword,1862-02-08,Class_compiled.xml
objectName,,,equipment,steel scabbard,1862-02-08,Class_compiled.xml
objectName,,,vehicle,horses,1862-02-08,Class_compiled.xml
objectName,,,equipment,sword,1862-02-08,Class_compiled.xml
objectName,,,equipment,pickets,1862-02-08,Class_compiled.xml
objectName,,,equipment,artillery,1862-02-08,Class_compiled.xml
objectName,,,nature,wagon track,1862-02-08,Class_compiled.xml
objectName,,,nature,thickets,1862-02-08,Class_compiled.xml
objectName,,,nature,low pines,1862-02-08,Class_compiled.xml
objectName,,,nature,bushes,1862-02-08,Class_compiled.xml
objectName,,,equipment,shell,1862-02-08,Class_compiled.xml
objectName,,,equipment,bullet,1862-02-08,Class_compiled.xml
objectName,,,equipment,shell,1862-02-08,Class_compiled.xml
objectName,,,nature,log,1862-02-08,Class_compiled.xml
objectName,,,equipment,shell,1862-02-08,Class_compiled.xml
objectName,,,equipment,bullets,1862-02-08,Class_compiled.xml
objectName,,,nature,wood,1862-02-08,Class_compiled.xml
objectName,,,nature,brush,1862-02-08,Class_compiled.xml
objectName,,,nature,thicket,1862-02-08,Class_compiled.xml
objectName,,,equipment,balls,1862-02-08,Class_compiled.xml
objectName,,,equipment,shell,1862-02-08,Class_compiled.xml
objectName,,,equipment,brass,1862-02-08,Class_compiled.xml
objectName,,,equipment,balls,1862-02-08,Class_compiled.xml
objectName,,,nature,trees,1862-02-08,Class_compiled.xml
objectName,,,nature,pine tree,1862-02-08,Class_compiled.xml
objectName,,,equipment,battery,1862-02-08,Class_compiled.xml
objectName,,,equipment,battery,1862-02-08,Class_compiled.xml
objectName,,,equipment,gauntlet,1862-02-08,Class_compiled.xml
objectName,,,nature,stump,1862-02-08,Class_compiled.xml
objectName,,,nature,stump,1862-02-08,Class_compiled.xml
objectName,,,nature,stump,1862-02-08,Class_compiled.xml
objectName,,,equipment,battery,1862-02-08,Class_compiled.xml
objectName,,,equipment,battery,1862-02-08,Class_compiled.xml
objectName,,,nature,tree,1862-02-08,Class_compiled.xml
objectName,,,equipment,musket,1862-02-08,Class_compiled.xml
objectName,,,equipment,canteen,1862-02-08,Class_compiled.xml
objectName,,,equipment,haversack,1862-02-08,Class_compiled.xml
objectName,,,equipment,battery,1862-02-08,Class_compiled.xml
objectName,,,equipment,battery,1862-02-08,Class_compiled.xml
objectName,,,equipment,guns,1862-02-08,Class_compiled.xml
objectName,,,equipment,battery,1862-02-08,Class_compiled.xml
objectName,,,equipment,battery,1862-02-08,Class_compiled.xml
objectName,,,equipment,battery,1862-02-08,Class_compiled.xml
objectName,,,equipment,gun,1862-02-08,Class_compiled.xml
objectName,,,body,eye,1862-02-08,Class_compiled.xml
objectName,,,clothing,pea jacket,1862-02-08,Class_compiled.xml
objectName,,,clothing,fine underclothes,1862-02-08,Class_compiled.xml
objectName,,,clothing,undershirt,1862-02-08,Class_compiled.xml
objectName,,,clothing,waistband of his drawers,1862-02-08,Class_compiled.xml
objectName,,,body,eye,1862-02-08,Class_compiled.xml
objectName,,,equipment,centre gun,1862-02-08,Class_compiled.xml
objectName,,,equipment,harness,1862-02-08,Class_compiled.xml
objectName,,,equipment,gun,1862-02-08,Class_compiled.xml
objectName,,,equipment,mine-ball,1862-02-08,Class_compiled.xml
objectName,,,equipment,ball,1862-02-08,Class_compiled.xml
objectName,,,body,head,1862-02-08,Class_compiled.xml
objectName,,,body,brain,1862-02-08,Class_compiled.xml
objectName,,,clothing,hat,1862-02-08,Class_compiled.xml
objectName,,,equipment,wall tent,1862-02-08,Class_compiled.xml
objectName,,,equipment,sword,1862-02-08,Class_compiled.xml
objectName,,,equipment,buttons,1862-02-08,Class_compiled.xml
objectName,,,equipment,cannons,1862-02-08,Class_compiled.xml
objectName,,,drink,coffee,1862-02-08,Class_compiled.xml
objectName,,,equipment,cooking utensils,1862-02-08,Class_compiled.xml
objectName,,,equipment,haversacks,1862-02-08,Class_compiled.xml
objectName,,,drink,whiskey,1862-02-08,Class_compiled.xml
objectName,,,equipment,gum blanket,1862-02-08,Class_compiled.xml
objectName,,,equipment,knapsacks,1862-02-08,Class_compiled.xml
objectName,,,clothing,caps,1862-02-08,Class_compiled.xml
objectName,,,equipment,quarters,1862-02-08,Class_compiled.xml
objectName,,,clothing,boots,1862-02-08,Class_compiled.xml
objectName,,,equipment,cannonball,1862-02-08,Class_compiled.xml
objectName,,,body,stomach,1862-02-08,Class_compiled.xml
objectName,,,equipment,rifle,1862-02-08,Class_compiled.xml
objectName,,,nature,stump,1862-02-08,Class_compiled.xml
objectName,,,clothing,boots,1861-11-22,Class_compiled.xml
objectName,,,equipment,can of lard,1861-11-22,Class_compiled.xml
objectName,,,,Cabins,1861-11-22,Class_compiled.xml
objectName,,,building,log houses,1861-11-22,Class_compiled.xml
objectName,,,clothing,grey uniform,1861-11-22,Class_compiled.xml
objectName,,,equipment,boards,1861-11-22,Class_compiled.xml
objectName,,,building,chimneys,1861-11-22,Class_compiled.xml
objectName,,,nature,mud,1861-11-22,Class_compiled.xml
objectName,,,nature,sticks,1861-11-22,Class_compiled.xml
objectName,,,equipment,forts,1861-11-22,Class_compiled.xml
objectName,,,equipment,guns,1861-11-22,Class_compiled.xml
objectName,,,equipment,ropes,1861-11-22,Class_compiled.xml
objectName,,,equipment,ammunition,1861-11-22,Class_compiled.xml
objectName,,,nature,sod,1861-11-22,Class_compiled.xml
objectName,,,nature,sand,1861-11-22,Class_compiled.xml
objectName,,,equipment,batteries,1861-11-22,Class_compiled.xml
objectName,,,nature,sod,1861-11-22,Class_compiled.xml
objectName,,,nature,sand,1861-11-22,Class_compiled.xml
objectName,,,equipment,guns,1861-11-22,Class_compiled.xml
objectName,,,equipment,guns,1861-11-22,Class_compiled.xml
objectName,,,equipment,red guns,1861-11-22,Class_compiled.xml
objectName,,,equipment,arms,1861-11-22,Class_compiled.xml
objectName,,,equipment,shell,1861-11-22,Class_compiled.xml
objectName,,,equipment,powder,1861-11-22,Class_compiled.xml
objectName,,,equipment,arms,1861-11-22,Class_compiled.xml
objectName,,,equipment,guns,1861-11-22,Class_compiled.xml
objectName,,,equipment,gun,1861-11-22,Class_compiled.xml
objectName,,,clothing,overcoat,1861-11-22,Class_compiled.xml
objectName,,,equipment,gun,1861-11-22,Class_compiled.xml
objectName,,,equipment,nine inch shell gun,1861-11-22,Class_compiled.xml
objectName,,,body,eye,1861-11-22,Class_compiled.xml
objectName,,,vehicle,Cossack,1862-02-10,Class_compiled.xml
objectName,,,,boat,1862-02-10,Class_compiled.xml
objectName,,,,biscuit,1862-02-10,Class_compiled.xml
objectName,,,drink,coffee,1862-02-10,Class_compiled.xml
objectName,,,vehicle,boat,1862-02-10,Class_compiled.xml
objectName,,,clothes,clothes,1862-02-10,Class_compiled.xml
objectName,,,equipment,blankets,1862-02-10,Class_compiled.xml
objectName,,,nature,fire,1862-02-10,Class_compiled.xml
objectName,,,nature,wood,1862-02-10,Class_compiled.xml
objectName,,,vehicle,Cossack,1862-02-10,Class_compiled.xml
objectName,,,equipment,gunboats,1862-02-10,Class_compiled.xml
objectName,,,nature,fire,1862-02-10,Class_compiled.xml
objectName,,,equipment,guns,1862-02-10,Class_compiled.xml
objectName,,,nature,fire,1862-02-10,Class_compiled.xml
objectName,,,vehicle,Cossack,1862-02-11,Class_compiled.xml
objectName,,,food,dinner,1862-02-11,Class_compiled.xml
objectName,,,equipment,baggage,1862-02-11,Class_compiled.xml
objectName,,,,lungs,1862-02-11,Class_compiled.xml
objectName,,,food,dinner,1862-02-11,Class_compiled.xml
objectName,,,,hair,1862-02-11,Class_compiled.xml
objectName,,,,mustache,1862-02-11,Class_compiled.xml
objectName,,,nature,shore,1862-02-12,Class_compiled.xml
objectName,,,equipment,Barrels,1862-02-12,Class_compiled.xml
objectName,,,nature,air,1862-02-12,Class_compiled.xml
objectName,,,nature,rocks,1862-02-12,Class_compiled.xml
objectName,,,nature,shore,1862-02-12,Class_compiled.xml
objectName,,,vehicle,Pilot boy,1862-02-12,Class_compiled.xml
objectName,,,,Spaulding,1862-02-12,Class_compiled.xml
objectName,,,clothing,hats,1862-02-12,Class_compiled.xml
objectName,,,equipment,baggage,1862-02-12,Class_compiled.xml
objectName,,,flag,flag,1862-02-12,Class_compiled.xml
objectName,,,clothes,clothes,1862-02-14,Class_compiled.xml
objectName,,,nature,trees,1862-02-14,Class_compiled.xml
objectName,,,nature,overgrown thicket,1862-02-14,Class_compiled.xml
objectName,,,vehicle,ship,1862-02-14,Class_compiled.xml
objectName,,,vehicle,ships,1862-02-14,Class_compiled.xml
objectName,,,mail,mail,1862-02-14,Class_compiled.xml
objectName,,,,newspapers,1862-02-14,Class_compiled.xml
objectName,,,food,corn,1862-02-14,Class_compiled.xml
objectName,,,nature,trenches,1862-02-15,Class_compiled.xml
objectName,,,equipment,bridges,1862-02-15,Class_compiled.xml
objectName,,,,road,1862-02-15,Class_compiled.xml
objectName,,,food,roast potatoes,1862-02-15,Class_compiled.xml
objectName,,,food,fried beef,1862-02-15,Class_compiled.xml
objectName,,,drink,coffee,1862-02-15,Class_compiled.xml
objectName,,,food,butter,1862-02-15,Class_compiled.xml
objectName,,,food,crackers,1862-02-15,Class_compiled.xml
objectName,,,nature,fig trees,1862-02-15,Class_compiled.xml
objectName,,,food,horse chestnut,1862-02-15,Class_compiled.xml
objectName,,,nature,shore,1862-02-15,Class_compiled.xml
objectName,,,drink,tea,1862-02-16,Class_compiled.xml
objectName,,,drink,coffee,1862-02-16,Class_compiled.xml
objectName,,,food,biscuit,1862-02-16,Class_compiled.xml
objectName,,,food,butter,1862-02-16,Class_compiled.xml
objectName,,,food,canned tomatoes,1862-02-16,Class_compiled.xml
objectName,,,vehicle,Cossack,1862-02-16,Class_compiled.xml
objectName,,,equipment,houses,1862-02-16,Class_compiled.xml
objectName,,,nature,shore,1862-02-16,Class_compiled.xml
objectName,,,clothes,clothes,1862-02-16,Class_compiled.xml
objectName,,,vehicle,Cossack,1862-02-17,Class_compiled.xml
objectName,,,equiptment,baggage,1862-02-17,Class_compiled.xml
objectName,,,vehicle,go-cart,1862-02-17,Class_compiled.xml
objectName,,,equiptment,dinkie,1862-02-17,Class_compiled.xml
objectName,,,vehicle,Cossack,1862-02-17,Class_compiled.xml
objectName,,,vehicle,surf boat,1862-02-17,Class_compiled.xml
objectName,,,equipment,baggage,1862-02-17,Class_compiled.xml
objectName,,,vehicle,Cossack,1862-02-17,Class_compiled.xml
objectName,,,equipment,arms,1862-02-18,Class_compiled.xml
objectName,,,equipment,racks,1862-02-18,Class_compiled.xml
objectName,,,vehicle,ships,1862-02-18,Class_compiled.xml
objectName,,,vehicle,deck,1862-02-18,Class_compiled.xml
objectName,,,ship,Dinky,1862-02-18,Class_compiled.xml
objectName,,,ship,Dinky,1862-02-18,Class_compiled.xml
objectName,,,,prisonership,1862-02-18,Class_compiled.xml
objectName,,,ship,prison ship.,1862-02-18,Class_compiled.xml
objectName,,,equipment,bed pans,1862-02-18,Class_compiled.xml
objectName,,,ship,"the Picket,",1862-02-19,Class_compiled.xml
objectName,,,readable,mail,1862-02-19,Class_compiled.xml
objectName,,,nature,coal,1862-02-19,Class_compiled.xml
objectName,,,equipment,high cart,1862-02-19,Class_compiled.xml
objectName,,,equipment,boxes,1862-02-19,Class_compiled.xml
objectName,,,equipment,barrels,1862-02-19,Class_compiled.xml
objectName,,,equipment,load,1862-02-19,Class_compiled.xml
objectName,,,vehicle,canal boats,1862-02-19,Class_compiled.xml
objectName,,,nature,sod,1862-02-19,Class_compiled.xml
objectName,,,food,sweet potatoes,1862-02-19,Class_compiled.xml
objectName,,,drink,bottle of milk.,1862-02-19,Class_compiled.xml
objectName,,,vehicle,gun boats,1862-02-19,Class_compiled.xml
objectName,,,cannon,cannon,1862-02-19,Class_compiled.xml
objectName,,,vehicle,"boats,",1862-02-19,Class_compiled.xml
objectName,,,equipment,engine,1862-02-19,Class_compiled.xml
objectName,,,equipment,boiler,1862-02-19,Class_compiled.xml
objectName,,,vehicle,gun boat,1862-02-19,Class_compiled.xml
objectName,,,nature,piles,1862-02-20,Class_compiled.xml
objectName,,,food,"flour,",1862-02-20,Class_compiled.xml
objectName,,,food,hard bread,1862-02-20,Class_compiled.xml
objectName,,,food,food,1862-02-20,Class_compiled.xml
objectName,,,food,bread,1862-02-20,Class_compiled.xml
objectName,,,equipment,flag,1862-02-20,Class_compiled.xml
objectName,,,vehicle,ship.,1862-02-20,Class_compiled.xml
objectName,,,vehicle,Peabody.,1862-02-20,Class_compiled.xml
objectName,,,vehicle,Cossack,1862-02-20,Class_compiled.xml
objectName,,,equipment,anchor,1862-02-20,Class_compiled.xml
objectName,,,equipment,vessels,1862-02-20,Class_compiled.xml
objectName,,,vehicle,Peabody,1862-02-20,Class_compiled.xml
objectName,,,ship,Alice Price,1862-02-20,Class_compiled.xml
objectName,,,vehicle,tug Champion,1862-02-20,Class_compiled.xml
objectName,,,vehicle,"Spaulding,",1862-02-20,Class_compiled.xml
objectName,,,vehicle,"Peabody,",1862-02-20,Class_compiled.xml
objectName,,,vehicle,"Admiral,",1862-02-20,Class_compiled.xml
objectName,,,vehicle,Cossack,1862-02-20,Class_compiled.xml
objectName,,,vehicle,New York.,1862-02-20,Class_compiled.xml
objectName,,,vehicle,Spaulding,1862-02-20,Class_compiled.xml
objectName,,,vehicle,Peabody,1862-02-20,Class_compiled.xml
objectName,,,nature,marshy,1862-02-20,Class_compiled.xml
objectName,,,nature,"dark pines,",1862-02-20,Class_compiled.xml
objectName,,,equipment,windmill,1862-02-20,Class_compiled.xml
objectName,,,equipment,windmills,1862-02-20,Class_compiled.xml
objectName,,,nature,"dark green pines,",1862-02-20,Class_compiled.xml
objectName,,,nature,pines.,1862-02-20,Class_compiled.xml
objectName,,,drink,water,1862-02-20,Class_compiled.xml
objectName,,,nature,tall yellow pine.,1862-02-20,Class_compiled.xml
objectName,,,equipment,"mills,",1862-02-20,Class_compiled.xml
objectName,,,nature,tall pines.,1862-02-20,Class_compiled.xml
objectName,,,equipment,magazine,1862-02-20,Class_compiled.xml
objectName,,,vehicle,"gun boats,",1862-02-20,Class_compiled.xml
objectName,,,equipment,propeller,1862-02-20,Class_compiled.xml
objectName,,,ship,,1862-02-20,Class_compiled.xml
objectName,,,equipment,wheeler,1862-02-20,Class_compiled.xml
objectName,,,nature,pines,1862-02-20,Class_compiled.xml
objectName,,,building,balconies,1862-02-20,Class_compiled.xml
objectName,,,vehicle,Spaulding,1862-02-21,Class_compiled.xml
objectName,,,vehicle,Peabody,1862-02-21,Class_compiled.xml
objectName,,,vehicle,New York,1862-02-21,Class_compiled.xml
objectName,,,vehicle,Cossack.,1862-02-21,Class_compiled.xml
objectName,,,nature,twelve feet of water,1862-02-21,Class_compiled.xml
objectName,,,nature,"trees,",1862-02-21,Class_compiled.xml
objectName,,,equipment,sail,1862-02-21,Class_compiled.xml
objectName,,,ship,Cumberland,1862-02-21,Class_compiled.xml
objectName,,,equipment,propeller,1862-02-21,Class_compiled.xml
objectName,,,ship,Jamy,1862-02-21,Class_compiled.xml
objectName,,,equipment,Four guns,1862-02-21,Class_compiled.xml
objectName,,,equipment,carriages,1862-02-21,Class_compiled.xml
objectName,,,equipment,sail,1862-02-21,Class_compiled.xml
objectName,,,vehicle,Spaulding,1862-02-21,Class_compiled.xml
objectName,,,equipment,headboards,1862-02-21,Class_compiled.xml
objectName,,,equipment,blue overcoats,1862-02-21,Class_compiled.xml
objectName,,,nature,pine,1862-02-22,Class_compiled.xml
objectName,,,grave,coffin,1862-02-22,Class_compiled.xml
objectName,,,vehicle,Cossack,1862-02-22,Class_compiled.xml
objectName,,,vehicle,"little boat,",1862-02-22,Class_compiled.xml
objectName,,,vehicle,Cossack,1862-02-22,Class_compiled.xml
objectName,,,vehicle,surf-boats -,1862-02-22,Class_compiled.xml
objectName,,,equipment,quarters,1862-02-22,Class_compiled.xml
objectName,,,equipment,tents,1862-02-22,Class_compiled.xml
objectName,,,equipment,tents,1862-02-22,Class_compiled.xml
objectName,,,equipment,poles.,1862-02-22,Class_compiled.xml
objectName,,,equipment,tents,1862-02-22,Class_compiled.xml
objectName,,,drink,coffee,1862-02-22,Class_compiled.xml
objectName,,,equipment,bed,1862-02-22,Class_compiled.xml
objectName,,,equipment,tent.,1862-02-22,Class_compiled.xml
objectName,,,drink,coffee,1862-02-23,Class_compiled.xml
objectName,,,vehicle,Cossack,1862-02-24,Class_compiled.xml
objectName,,,equipment,couple of boxes,1862-02-25,Class_compiled.xml
objectName,,,building,barracks,1862-02-27,Class_compiled.xml
objectName,,,building,barracks,1862-02-27,Class_compiled.xml
objectName,,,building,guard house,1862-02-27,Class_compiled.xml
objectName,,,equipment,Stler tent,1862-02-27,Class_compiled.xml
objectName,,,equipment,tent,1862-02-27,Class_compiled.xml
objectName,,,drink,sherry Brandy,1862-02-27,Class_compiled.xml
objectName,,,food,flour,1862-02-27,Class_compiled.xml
objectName,,,food,sugar,1862-02-27,Class_compiled.xml
objectName,,,equipment,candles,1862-02-27,Class_compiled.xml
objectName,,,building,house ,1862-02-27,Class_compiled.xml
objectName,,,equipment,fire,1862-02-27,Class_compiled.xml
objectName,,,building,old cook house,1862-02-27,Class_compiled.xml
objectName,,,equipment,campfires,1862-02-27,Class_compiled.xml
objectName,,,building,house,1862-02-28,Class_compiled.xml
objectName,,,equipment,fire,1862-02-28,Class_compiled.xml
objectName,,,building,floor,1862-02-28,Class_compiled.xml
objectName,,,food,butter,1862-02-28,Class_compiled.xml
objectName,,,food,rice,1862-02-28,Class_compiled.xml
objectName,,,equipment,ball,1862-02-28,Class_compiled.xml
objectName,,,building,wooden chimney,1862-03-01,Class_compiled.xml
objectName,,,equipment,pipe holes,1862-03-01,Class_compiled.xml
objectName,,,equipment,stove,1862-03-01,Class_compiled.xml
objectName,,,equipment,pipe,1862-03-01,Class_compiled.xml
objectName,,,body,elbow,1862-03-01,Class_compiled.xml
objectName,,,equipment,stove,1862-03-01,Class_compiled.xml
objectName,,,equipment,box of sand,1862-03-01,Class_compiled.xml
objectName,,,,pan,1862-03-01,Class_compiled.xml
objectName,,,building,floor,1862-03-01,Class_compiled.xml
objectName,,,equipment,stove,1862-03-01,Class_compiled.xml
objectName,,,equipment,stove,1862-03-01,Class_compiled.xml
objectName,,,equipment,shad,1862-03-01,Class_compiled.xml
objectName,,,equipment,stove,1862-03-01,Class_compiled.xml
objectName,,,food,fish,1862-03-01,Class_compiled.xml
objectName,,,equipment,stove,1862-03-01,Class_compiled.xml
objectName,,,building,floor,1862-03-01,Class_compiled.xml
objectName,,,food,fat,1862-03-01,Class_compiled.xml
objectName,,,equipment,book,1862-03-01,Class_compiled.xml
objectName,,,building,house,1862-03-01,Class_compiled.xml
objectName,,,food,breakfast,1862-03-01,Class_compiled.xml
objectName,,,nature,beach,1862-03-01,Class_compiled.xml
objectName,,,vehicle,truck,1862-03-01,Class_compiled.xml
objectName,,,nature,swamp,1862-03-01,Class_compiled.xml
objectName,,,nature,beach,1862-03-01,Class_compiled.xml
objectName,,,nature,trees,1862-03-01,Class_compiled.xml
objectName,,,nature,tree,1862-03-01,Class_compiled.xml
objectName,,,equipment,cannon,1862-03-01,Class_compiled.xml
objectName,,,nature,brazens,1862-03-01,Class_compiled.xml
objectName,,,equipment,24 pdr Dahlgren,1862-03-01,Class_compiled.xml
objectName,,,nature,wood,1862-03-01,Class_compiled.xml
objectName,,,equipment,bullets,1862-03-01,Class_compiled.xml
objectName,,,nature,trees,1862-03-01,Class_compiled.xml
objectName,,,equipment,cannon balls,1862-03-01,Class_compiled.xml
objectName,,,nature,pine tree,1862-03-01,Class_compiled.xml
objectName,,,nature,deep creek,1862-03-01,Class_compiled.xml
objectName,,,equipment,artillery,1862-03-01,Class_compiled.xml
objectName,,,vehicle,gunboats,1862-03-01,Class_compiled.xml
objectName,,,vehicle,broad swaths,1862-03-01,Class_compiled.xml
objectName,,,building,canal bridge,1862-03-01,Class_compiled.xml
objectName,,,nature,swamp,1862-03-01,Class_compiled.xml
objectName,,,equipment,white flag,1862-03-01,Class_compiled.xml
objectName,,,equipment,graves,1862-03-01,Class_compiled.xml
objectName,,,food,flour cake,1862-03-01,Class_compiled.xml
objectName,,,equipment,payrolls,1862-03-02,Class_compiled.xml
objectName,,,mail,Chronicle,1862-03-02,Class_compiled.xml
objectName,,,equipment,stove,1862-03-02,Class_compiled.xml
objectName,,,food,breakfast,1862-03-02,Class_compiled.xml
objectName,,,equipment,stove,1862-03-03,Class_compiled.xml
objectName,,,equipment,pipe,1862-03-03,Class_compiled.xml
objectName,,,equipment,stoves,1862-03-03,Class_compiled.xml
objectName,,,nature,pitch pine wood,1862-03-03,Class_compiled.xml
objectName,,,equipment,pipe,1862-03-03,Class_compiled.xml
objectName,,,nature,soot,1862-03-03,Class_compiled.xml
objectName,,,nature,tar,1862-03-03,Class_compiled.xml
objectName,,,building,chimnies,1862-03-03,Class_compiled.xml
objectName,,,nature,fires,1862-03-03,Class_compiled.xml
objectName,,,building,chimney,1862-03-03,Class_compiled.xml
objectName,,,building,chimnies,1862-03-03,Class_compiled.xml
objectName,,,building,wooden barracks,1862-03-03,Class_compiled.xml
objectName,,,vehicle,small hand cart,1862-03-03,Class_compiled.xml
objectName,,,equipment,baggage,1862-03-03,Class_compiled.xml
objectName,,,vehicle,boat,1862-03-03,Class_compiled.xml
objectName,,,vehicle,the schooner,1862-03-03,Class_compiled.xml
objectName,,,vehicle,the Cossack,1862-03-03,Class_compiled.xml
objectName,,,vehicle,the Schooner,1862-03-03,Class_compiled.xml
objectName,,,vehicle,boat,1862-03-03,Class_compiled.xml
objectName,,,equipment,oars,1862-03-03,Class_compiled.xml
objectName,,,vehicle,The Dinkey,1862-03-03,Class_compiled.xml
objectName,,,vehicle,boat,1862-03-03,Class_compiled.xml
objectName,,,vehicle,boat,1862-03-03,Class_compiled.xml
objectName,,,vehicle,the Dinkey,1862-03-03,Class_compiled.xml
objectName,,,vehicle,the Cossack,1862-03-03,Class_compiled.xml
objectName,,,mail,mail,1862-03-03,Class_compiled.xml
objectName,,,mail,letters,1862-03-03,Class_compiled.xml
objectName,,,mail,copy of the Times' correspondence,1862-03-03,Class_compiled.xml
objectName,,,,the Cossack,1862-03-03,Class_compiled.xml
objectName,,,equipment,Enfield,1862-03-03,Class_compiled.xml
objectName,,,equipment,rifles,1862-03-04,Class_compiled.xml
objectName,,,equipment,bed,1862-03-04,Class_compiled.xml
objectName,,,drink,medicine,1862-03-04,Class_compiled.xml
objectName,,,drink,ailments,1862-03-04,Class_compiled.xml
objectName,,,equipment,rifles,1862-03-05,Class_compiled.xml
objectName,,,mail,letter,1862-03-05,Class_compiled.xml
objectName,,,mail,letters,1862-03-05,Class_compiled.xml
objectName,,,vehicle,Scout,1862-03-05,Class_compiled.xml
objectName,,,drink,water,1862-03-05,Class_compiled.xml
objectName,,,equipment,condenser,1862-03-05,Class_compiled.xml
objectName,,,vehicle,Pilot-boy,1862-03-05,Class_compiled.xml
objectName,,,equipment,Enfields,1862-03-06,Class_compiled.xml
objectName,,,clothing,boots,1862-03-06,Class_compiled.xml
objectName,,,clothing,top boots,1862-03-06,Class_compiled.xml
objectName,,,clothing,shoes,1862-03-06,Class_compiled.xml
objectName,,,readable,report,1862-03-06,Class_compiled.xml
objectName,,,readables,papers,1862-03-06,Class_compiled.xml
objectName,,,vehicle,Spaulding,1862-03-06,Class_compiled.xml
objectName,,,vehicle,ships,1862-03-06,Class_compiled.xml
objectName,,,vehicle,vessels,1862-03-06,Class_compiled.xml
objectName,,,vehicle,Spaulding,1862-03-06,Class_compiled.xml
objectName,,,vehicle,boats,1862-03-07,Class_compiled.xml
objectName,,,vehicle,ship,1862-03-07,Class_compiled.xml
objectName,,,readable,Lansings pictorial fact book,1862-03-07,Class_compiled.xml
objectName,,,vehicle,ships,1862-03-08,Class_compiled.xml
objectName,,,vehicle,boats,1862-03-08,Class_compiled.xml
objectName,,,vehicle,Scout,1862-03-08,Class_compiled.xml
objectName,,,equipment,blankets,1862-03-08,Class_compiled.xml
objectName,,,clothing,coats,1862-03-08,Class_compiled.xml
objectName,,,readable,reading,1862-03-09,Class_compiled.xml
objectName,,,vehicle,vessels,1862-03-09,Class_compiled.xml
objectName,,,readable,report,1862-03-09,Class_compiled.xml
objectName,,,vehicle,vessels,1862-03-09,Class_compiled.xml
objectName,,,readable,papers,1862-03-09,Class_compiled.xml
objectName,,,mail,letters,1862-03-09,Class_compiled.xml
objectName,,,vehicle,schooners,1862-03-09,Class_compiled.xml
objectName,,,readable,news,1862-03-10,Class_compiled.xml
objectName,,,readable,reports,1862-03-10,Class_compiled.xml
objectName,,,vehicle,Northerner,1862-03-10,Class_compiled.xml
objectName,,,vehicle,gunboats,1862-03-10,Class_compiled.xml
objectName,,,clothing,clothes,1862-03-10,Class_compiled.xml
objectName,,,vehicle,Scout,1862-03-11,Class_compiled.xml
objectName,,,vehicle,Smith,1862-03-11,Class_compiled.xml
objectName,,,vehicle,schooner,1862-03-11,Class_compiled.xml
objectName,,,vehicle,Cossack,1862-03-11,Class_compiled.xml
objectName,,,vehicle,New York,1862-03-11,Class_compiled.xml
objectName,,,vehicle,Cossack,1862-03-11,Class_compiled.xml
objectName,,,vehicle,gunboats,1862-03-11,Class_compiled.xml
objectName,,,vehicle,Hussar,1862-03-11,Class_compiled.xml
objectName,,,vehicle,gunboats,1862-03-11,Class_compiled.xml
objectName,,,readable,Lossings pictorial field book,1862-03-11,Class_compiled.xml
objectName,,,vehicle,tug boat,1862-03-11,Class_compiled.xml
objectName,,,mail,mail,1862-03-11,Class_compiled.xml
objectName,,,readable,newspaper news,1862-03-11,Class_compiled.xml
objectName,,,vehicle,boat,1862-03-23,Class_compiled.xml
objectName,,,vehicle,boat,1862-03-23,Class_compiled.xml
objectName,,,,carpet,1862-03-23,Class_compiled.xml
objectName,,,,bedsteads,1862-03-23,Class_compiled.xml
objectName,,,,rocking chair,1862-03-23,Class_compiled.xml
objectName,,,,tables,1862-03-23,Class_compiled.xml
objectName,,,,chairs,1862-03-23,Class_compiled.xml
objectName,,,,fire place,1862-03-23,Class_compiled.xml
objectName,,,,tombstone,1862-03-23,Class_compiled.xml
objectName,,,,coffins,1862-03-23,Class_compiled.xml
objectName,,,equipment,coffins,1862-03-23,Class_compiled.xml
objectName,,,equipment,Cannon balls & shell,1862-03-23,Class_compiled.xml
objectName,,,clothing,belts,1862-03-23,Class_compiled.xml
objectName,,,readable,Richmond papers,1862-03-23,Class_compiled.xml
objectName,,,Vehicle,Jenny,1862-03-24,Class_compiled.xml
objectName,,,vehicle,Curlew,1862-03-24,Class_compiled.xml
objectName,,,vehicle,boat,1862-03-24,Class_compiled.xml
objectName,,,food,Corn bread,1862-03-24,Class_compiled.xml
objectName,,,food,rice soup,1862-03-24,Class_compiled.xml
objectName,,,,roasted Irish potatoes,1862-03-24,Class_compiled.xml
objectName,,,food,rice pudding,1862-03-24,Class_compiled.xml
objectName,,,food,wheat bread,1862-03-24,Class_compiled.xml
objectName,,,readable,Letters,1861-11-22,Class_compiled.xml
objectName,,,readable,papers,1861-11-22,Class_compiled.xml
objectName,,,equipment,ammunition,1861-11-22,Class_compiled.xml
objectName,,,vehicle,the New York,1861-11-22,Class_compiled.xml
objectName,,,food,raised bread,1861-11-22,Class_compiled.xml
objectName,,,clothing,top boots,1862-03-27,Class_compiled.xml
objectName,,,clothing,sky blue pant,1862-03-27,Class_compiled.xml
objectName,,,clothing,cloth pants,1862-03-27,Class_compiled.xml
objectName,,,clothing,shoes,1862-03-27,Class_compiled.xml
objectName,,,equipment,guns,1862-03-27,Class_compiled.xml
objectName,,,equipment,shell,1862-03-27,Class_compiled.xml
objectName,,,equipment,canister,1862-03-27,Class_compiled.xml
objectName,,,nature,logs,1862-03-27,Class_compiled.xml
objectName,,,equipment,planks,1862-03-27,Class_compiled.xml
objectName,,,equipment,barrels,1862-03-27,Class_compiled.xml
objectName,,,equipment,guns,1862-03-27,Class_compiled.xml
objectName,,,equipment,guns,1862-03-27,Class_compiled.xml
objectName,,,food,"fritters, bread, omelette, ham, fried potatoes",1862-03-27,Class_compiled.xml
objectName,,,equipment,hand-cart,1861-11-22,Class_compiled.xml
objectName,,,equipment,tents,1861-11-22,Class_compiled.xml
objectName,,,equipment,wall-tents,1861-11-22,Class_compiled.xml
objectName,,,equipment,revolver,1861-11-22,Class_compiled.xml
objectName,,,equipment,bayonets,1861-11-22,Class_compiled.xml
objectName,,,drink,ounce,1862-03-31,Class_compiled.xml
objectName,,,equipment,fort,1862-03-31,Class_compiled.xml
objectName,,,equipment,enclosed fort,1862-03-31,Class_compiled.xml
objectName,,,equipment,Artillery,1862-04-01,Class_compiled.xml
objectName,,,equipment,fort,1862-04-01,Class_compiled.xml
objectName,,,vehicle,the Cossack,1862-04-01,Class_compiled.xml
objectName,,,mail,papers,1862-04-01,Class_compiled.xml
objectName,,,mail,news,1862-04-01,Class_compiled.xml
objectName,,,food,fresh beef,1862-04-01,Class_compiled.xml
objectName,,,food,vegetables,1862-04-01,Class_compiled.xml
objectName,,,food,beef,1862-04-01,Class_compiled.xml
objectName,,,equipment,fort,1862-04-01,Class_compiled.xml
objectName,,,vehicle,the Ferry.,1862-04-01,Class_compiled.xml
objectName,,,equipment,baggage,1861-11-22,Class_compiled.xml
objectName,,,nature,shore,1861-11-22,Class_compiled.xml
objectName,,,equipment,western Bastions,1861-11-22,Class_compiled.xml
objectName,,,equipment,Cannon,1861-11-22,Class_compiled.xml
objectName,,,nature,sand,1861-11-22,Class_compiled.xml
objectName,,,equipment,fences,1861-11-22,Class_compiled.xml
objectName,,,nature,trees,1861-11-22,Class_compiled.xml
objectName,,,equipment,old houses,1861-11-22,Class_compiled.xml
objectName,,,nature,Peach trees,1861-11-22,Class_compiled.xml
objectName,,,nature,blossoms,1861-11-22,Class_compiled.xml
objectName,,,nature,buds,1861-11-22,Class_compiled.xml
objectName,,,nature,trees,1861-11-22,Class_compiled.xml
objectName,,,mail,mail,1862-04-06,Class_compiled.xml
objectName,,,mail,letters,1862-04-06,Class_compiled.xml
objectName,,,nature,trees,1862-04-06,Class_compiled.xml
objectName,,,nature,leaves,1862-04-06,Class_compiled.xml
objectName,,,equipment,houses,1862-04-06,Class_compiled.xml
objectName,,,nature,grounds,1862-04-06,Class_compiled.xml
objectName,,,nature,shrubbery,1862-04-06,Class_compiled.xml
objectName,,,nature,Roses,1862-04-06,Class_compiled.xml
objectName,,,nature,lilac,1862-04-06,Class_compiled.xml
objectName,,,nature,locust,1862-04-06,Class_compiled.xml
objectName,,,equipment,rooms,1862-04-06,Class_compiled.xml
objectName,,,equipment,library,1862-04-06,Class_compiled.xml
objectName,,,equipment,office,1862-04-06,Class_compiled.xml
objectName,,,equipment,bedroom,1862-04-06,Class_compiled.xml
objectName,,,equipment,dining,1862-04-06,Class_compiled.xml
objectName,,,equipment,bath,1862-04-06,Class_compiled.xml
objectName,,,drink,wine,1862-04-06,Class_compiled.xml
objectName,,,drink,bottles,1862-04-06,Class_compiled.xml
objectName,,,equipment,closet,1862-04-06,Class_compiled.xml
objectName,,,equipment,platforms,1862-04-06,Class_compiled.xml
objectName,,,equipment,curtains,1862-04-06,Class_compiled.xml
objectName,,,nature,70 bales of cotton,1862-04-06,Class_compiled.xml
objectName,,,equipment,180 pieces of cannon,1862-04-06,Class_compiled.xml
objectName,,,vehicle,the Cossack,1862-04-06,Class_compiled.xml
objectName,,,nature,hair,1862-04-06,Class_compiled.xml
objectName,,,nature,beard,1862-04-06,Class_compiled.xml
objectName,,,mail,letters,1861-11-22,Class_compiled.xml
objectName,,,mail,two letters,1862-04-08,Class_compiled.xml
objectName,,,mail,payrolls,1862-04-08,Class_compiled.xml
objectName,,,food,breakfast,1862-04-13,Class_compiled.xml
objectName,,,vehicle,The Ocean Wave,1862-04-13,Class_compiled.xml
objectName,,,vehicle,Vidette,1862-04-13,Class_compiled.xml
objectName,,,nature,a horse,1862-04-13,Class_compiled.xml
objectName,,,equipment,coffin,1862-04-13,Class_compiled.xml
objectName,,,vehicle,buggy,1862-04-13,Class_compiled.xml
objectName,,,vehicle,buggy,1862-04-13,Class_compiled.xml
objectName,,,nature,big [pine?] trees,1862-04-13,Class_compiled.xml
objectName,,,equipment,bullet,1862-04-13,Class_compiled.xml
objectName,,,equipment,bullet,1862-04-13,Class_compiled.xml
objectName,,,equipment,bullet,1862-04-13,Class_compiled.xml
objectName,,,nature,trees,1862-04-13,Class_compiled.xml
objectName,,,equipment,medicine,1862-04-14,Class_compiled.xml
objectName,,,vehicle,"""Guide""",1862-04-17,Class_compiled.xml
objectName,,,food,provision,1862-04-17,Class_compiled.xml
objectName,,,vehicle,Pilot-Boy,1862-04-17,Class_compiled.xml
objectName,,,vehicle,the Guide,1862-04-17,Class_compiled.xml
objectName,,,vehicle,The Guide,1862-04-17,Class_compiled.xml
objectName,,,vehicle,Cossack,1862-04-17,Class_compiled.xml
objectName,,,equipment,light,1862-04-17,Class_compiled.xml
objectName,,,equipment,pipe,1862-04-17,Class_compiled.xml
objectName,,,equipment,pipe,1862-04-17,Class_compiled.xml
objectName,,,nature,mud,1862-04-17,Class_compiled.xml
objectName,,,equipment,hair matress,1862-04-17,Class_compiled.xml
objectName,,,vehicle,steamer,1862-04-17,Class_compiled.xml
objectName,,,vehicle,schooners,1862-04-17,Class_compiled.xml
objectName,,,vehicle,Guide,1862-04-17,Class_compiled.xml
objectName,,,vehicle,Massasoit,1862-04-17,Class_compiled.xml
objectName,,,vehicle,The Cossack,1862-04-17,Class_compiled.xml
objectName,,,vehicle,ship,1862-04-17,Class_compiled.xml
objectName,,,vehicle,Ocean Wave,1862-04-18,Class_compiled.xml
objectName,,,vehicle,"Champion,",1862-04-18,Class_compiled.xml
objectName,,,vehicle,The Guide,1862-04-18,Class_compiled.xml
objectName,,,vehicle,The Northerner,1862-04-18,Class_compiled.xml
objectName,,,vehicle,Picket,1862-04-18,Class_compiled.xml
objectName,,,vehicle,Phoenix,1862-04-18,Class_compiled.xml
objectName,,,vehicle,Massasoit,1862-04-18,Class_compiled.xml
objectName,,,vehicle,Ocean Wave,1862-04-18,Class_compiled.xml
objectName,,,vehicle,Pilot Boy,1862-04-18,Class_compiled.xml
objectName,,,,hooks,1862-04-18,Class_compiled.xml
objectName,,,vehicle,The Phil.,1862-04-18,Class_compiled.xml
objectName,,,,guns,1862-04-18,Class_compiled.xml
objectName,,,,locks,1862-04-18,Class_compiled.xml
objectName,,,,batteries,1862-04-18,Class_compiled.xml
objectName,,,ship,gunboats,1862-04-19,Class_compiled.xml
objectName,,,,boats,1862-04-19,Class_compiled.xml
objectName,,,,boats,1862-04-19,Class_compiled.xml
objectName,,,,boots,1862-04-19,Class_compiled.xml
objectName,,,,stockings,1862-04-19,Class_compiled.xml
objectName,,,,wagons,1862-04-19,Class_compiled.xml
objectName,,,,cannon,1862-04-19,Class_compiled.xml
objectName,,,,brick,1862-04-19,Class_compiled.xml
objectName,,,,handboard,1862-04-19,Class_compiled.xml
objectName,,,,river bridge,1862-04-19,Class_compiled.xml
objectName,,,,road,1862-04-19,Class_compiled.xml
objectName,,,,road,1862-04-19,Class_compiled.xml
objectName,,,,bridge,1862-04-19,Class_compiled.xml
objectName,,,,cannon,1862-04-19,Class_compiled.xml
objectName,,,,ball,1862-04-19,Class_compiled.xml
objectName,,,,canister,1862-04-19,Class_compiled.xml
objectName,,,,canister,1862-04-19,Class_compiled.xml
objectName,,,,balls,1862-04-19,Class_compiled.xml
objectName,,,,canister,1862-04-19,Class_compiled.xml
objectName,,,,fences,1862-04-19,Class_compiled.xml
objectName,,,,cannon,1862-04-19,Class_compiled.xml
objectName,,,,road,1862-04-19,Class_compiled.xml
objectName,,,,drains,1862-04-19,Class_compiled.xml
objectName,,,,fence,1862-04-19,Class_compiled.xml
objectName,,,,road,1862-04-19,Class_compiled.xml
objectName,,,,rails,1862-04-19,Class_compiled.xml
objectName,,,,coffee,1862-04-19,Class_compiled.xml
objectName,,,,fence,1862-04-19,Class_compiled.xml
objectName,,,,flag,1862-04-19,Class_compiled.xml
objectName,,,,glasses,1862-04-19,Class_compiled.xml
objectName,,,,cannon,1862-04-19,Class_compiled.xml
objectName,,,,ball,1862-04-19,Class_compiled.xml
objectName,,,,buckshot,1862-04-19,Class_compiled.xml
objectName,,,,pants,1862-04-19,Class_compiled.xml
objectName,,,,drawers,1862-04-19,Class_compiled.xml
objectName,,,,gate,1862-04-19,Class_compiled.xml
objectName,,,,coffee,1862-04-19,Class_compiled.xml
objectName,,,,piece,1862-04-19,Class_compiled.xml
objectName,,,,forms,1862-04-19,Class_compiled.xml
objectName,,,,wood,1862-04-19,Class_compiled.xml
objectName,,,,cart,1862-04-19,Class_compiled.xml
objectName,,,,horse,1862-04-19,Class_compiled.xml
objectName,,,,horse,1862-04-19,Class_compiled.xml
objectName,,,vehicle,Pilot Boy,1862-04-19,Class_compiled.xml
objectName,,,,Guide,1862-04-19,Class_compiled.xml
objectName,,,,socks,1862-04-19,Class_compiled.xml
objectName,,,,liniment,1862-04-19,Class_compiled.xml
objectName,,,,stove,1862-04-19,Class_compiled.xml
objectName,,,,tug,1862-04-21,Class_compiled.xml
objectName,,,vehicle,the Massasoit,1862-04-21,Class_compiled.xml
objectName,,,,boats,1862-04-21,Class_compiled.xml
objectName,,,,boat,1862-04-21,Class_compiled.xml
objectName,,,,beehives,1862-04-21,Class_compiled.xml
objectName,,,,flag,1862-04-21,Class_compiled.xml
objectName,,,,mud,1862-04-21,Class_compiled.xml
objectName,,,,bar,1862-04-21,Class_compiled.xml
objectName,,,,rifle,1862-04-21,Class_compiled.xml
objectName,,,,arms,1862-04-21,Class_compiled.xml
objectName,,,,cartridge box,1862-04-21,Class_compiled.xml
objectName,,,,rifle,1862-04-21,Class_compiled.xml
objectName,,,,flag,1862-04-21,Class_compiled.xml
objectName,,,,Tribune,1862-04-21,Class_compiled.xml
objectName,,,,papers,1862-04-21,Class_compiled.xml
objectName,,,readible,papers and magazines,1861-11-22,Class_compiled.xml
objectName,,,equipment,tent,1861-11-22,Class_compiled.xml
objectName,,,food,provisions,1861-11-22,Class_compiled.xml
objectName,,,food,half bushel of clams,1861-11-22,Class_compiled.xml
objectName,,,equipment,mortar,1861-11-22,Class_compiled.xml
objectName,,,equipment,cavalry,1861-11-22,Class_compiled.xml
objectName,,,food,clams,1861-11-22,Class_compiled.xml
objectName,,,equipment,artillery,1861-11-22,Class_compiled.xml
objectName,,,ship,steamer Burnside,1861-11-22,Class_compiled.xml
objectName,,,ship,Cossack,1861-11-22,Class_compiled.xml
objectName,,,readable,mail,1862-05-29,Class_compiled.xml
objectName,,,readable,papers,1862-05-29,Class_compiled.xml
objectName,,,readable,paper,1862-05-29,Class_compiled.xml
objectName,,,readable,acts,1862-05-29,Class_compiled.xml
objectName,,,equipment,sword,1862-05-29,Class_compiled.xml
objectName,,,readable,letter,1862-05-29,Class_compiled.xml
objectName,,,equipment,knife,1862-05-29,Class_compiled.xml
objectName,,,equipment,tents,1862-05-30,Class_compiled.xml
objectName,,,equipment,wagon,1862-05-30,Class_compiled.xml
objectName,,,readable,orders,1862-05-30,Class_compiled.xml
objectName,,,equipment,tents,1862-05-30,Class_compiled.xml
objectName,,,vehicle,boat,1862-05-30,Class_compiled.xml
objectName,,,vehicle,boat,1862-05-30,Class_compiled.xml
objectName,,,vehicle,boat,1862-05-30,Class_compiled.xml
objectName,,,nature,deep creek,1862-05-30,Class_compiled.xml
objectName,,,nature,500 yards of land,1862-05-30,Class_compiled.xml
objectName,,,nature,grass,1862-05-30,Class_compiled.xml
objectName,,,nature,horseshoe,1862-05-30,Class_compiled.xml
objectName,,,nature,neck,1862-05-30,Class_compiled.xml
objectName,,,nature,acres,1862-05-30,Class_compiled.xml
objectName,,,nature,covered with grass & shaded with pines,1862-05-30,Class_compiled.xml
objectName,,,nature,luxuriant foliage of pines and trees & flowers,1862-05-30,Class_compiled.xml
objectName,,,nature,stately cypress,1862-05-30,Class_compiled.xml
objectName,,,equipment,tents,1862-05-30,Class_compiled.xml
objectName,,,nature,trees,1862-05-30,Class_compiled.xml
objectName,,,nature,grass,1862-05-30,Class_compiled.xml
objectName,,,vehicle,big flat,1862-05-30,Class_compiled.xml
objectName,,,equipment,poles,1862-05-30,Class_compiled.xml
objectName,,,equipment,boards,1862-05-30,Class_compiled.xml
objectName,,,equipment,tents,1862-05-30,Class_compiled.xml
objectName,,,drink,drink of whiskey,1862-05-31,Class_compiled.xml
objectName,,,drink,flask,1862-05-31,Class_compiled.xml
objectName,,,clothing,hats,1862-05-31,Class_compiled.xml
objectName,,,nature,pines,1862-06-01,Class_compiled.xml
objectName,,,equipment,tent,1862-06-01,Class_compiled.xml
objectName,,,nature,wood ticks,1862-06-01,Class_compiled.xml
objectName,,,nature,reddish brown bug,1862-06-01,Class_compiled.xml
objectName,,,nature,bed bug,1862-06-01,Class_compiled.xml
objectName,,,nature,alligators,1862-06-01,Class_compiled.xml
objectName,,,equipment,greenbacks,1862-06-02,Class_compiled.xml
objectName,,,equipment,tents,1862-06-02,Class_compiled.xml
objectName,,,vehicle,boat,1862-06-03,Class_compiled.xml
objectName,,,clothing,leather or linen aprons,1862-06-03,Class_compiled.xml
objectName,,,equipment,artillery,1862-06-03,Class_compiled.xml
objectName,,,equipment,marine battery,1862-06-03,Class_compiled.xml
objectName,,,transportation,buggy,1862-06-24,Class_compiled.xml
objectName,,,,,1862-06-24,Class_compiled.xml
objectName,,,,schooner,1862-06-24,Class_compiled.xml
objectName,,,,,1862-06-24,Class_compiled.xml
objectName,,,transportation,Moses B,1862-06-24,Class_compiled.xml
objectName,,,building,windows,1862-06-24,Class_compiled.xml
objectName,,,building,porch,1862-06-24,Class_compiled.xml
objectName,,,,,1862-06-24,Class_compiled.xml
objectName,,,equipment,revolver,1862-06-24,Class_compiled.xml
objectName,,,,,1862-06-24,Class_compiled.xml
objectName,,,building,house,1862-06-24,Class_compiled.xml
objectName,,,nature,tree,1862-06-24,Class_compiled.xml
objectName,,,,,1862-06-24,Class_compiled.xml
objectName,,,building,porch,1862-06-24,Class_compiled.xml
objectName,,,food,salt,1862-06-24,Class_compiled.xml
objectName,,,body,hair,1862-06-24,Class_compiled.xml
objectName,,,body,toe nails,1862-06-24,Class_compiled.xml
objectName,,,body,finger nails,1862-06-24,Class_compiled.xml
objectName,,,clothes,sleeve,1862-06-24,Class_compiled.xml
objectName,,,clothes,coat,1862-06-24,Class_compiled.xml
objectName,,,body,shoulder,1862-06-24,Class_compiled.xml
objectName,,,body,breast,1862-06-24,Class_compiled.xml
objectName,,,equipment,,1862-06-25,Class_compiled.xml
objectName,,,readables,applications,1862-06-26,Class_compiled.xml
objectName,,,equipment,bugle,1862-06-27,Class_compiled.xml
objectName,,,equipment,shells,1862-06-27,Class_compiled.xml
objectName,,,packages,mail,1862-06-27,Class_compiled.xml
objectName,,,readables,papers,1862-06-27,Class_compiled.xml
objectName,,,readables,letters,1862-06-27,Class_compiled.xml
objectName,,,readables,paper,1862-06-27,Class_compiled.xml
objectName,,,readables,letter,1862-06-28,Class_compiled.xml
objectName,,,ship,Cossack,1862-06-28,Class_compiled.xml
objectName,,,,mail,1862-06-28,Class_compiled.xml
objectName,,,readables,receipt,1862-06-28,Class_compiled.xml
objectName,,,,body,1862-06-28,Class_compiled.xml
objectName,,,food,cheese,1862-06-28,Class_compiled.xml
objectName,,,drink,whisky,1862-06-28,Class_compiled.xml
objectName,,,equipment,glass,1862-06-28,Class_compiled.xml
objectName,,,grog,grog,1862-06-28,Class_compiled.xml
objectName,,,equipment,ammunition,1862-06-28,Class_compiled.xml
objectName,,,readables,,1862-06-28,Class_compiled.xml
objectName,,,ship,Mound City,1862-06-28,Class_compiled.xml
objectName,,,building,,1862-06-28,Class_compiled.xml
objectName,,,equipment,cartridge,1862-06-29,Class_compiled.xml
objectName,,,transportation,wagons,1862-06-29,Class_compiled.xml
objectName,,,equipment,haversacks,1862-06-29,Class_compiled.xml
objectName,,,transportation,wagons,1862-06-29,Class_compiled.xml
objectName,,,food,coffee,1862-06-29,Class_compiled.xml
objectName,,,food,hard bread,1862-06-29,Class_compiled.xml
objectName,,,food,salt,1862-06-29,Class_compiled.xml
objectName,,,equipment,tents,1862-06-29,Class_compiled.xml
objectName,,,equipment,,1862-06-29,Class_compiled.xml
objectName,,,transportation,schooner,1862-06-29,Class_compiled.xml
objectName,,,transportation,packhorse,1862-06-29,Class_compiled.xml
objectName,,,transportation,train,1862-06-29,Class_compiled.xml
objectName,,,equipment,kettles,1862-06-29,Class_compiled.xml
objectName,,,equipment,pans,1862-06-29,Class_compiled.xml
objectName,,,transportation,wagons,1862-06-29,Class_compiled.xml
objectName,,,equipment,tent,1862-06-29,Class_compiled.xml
objectName,,,nature,grass,1862-06-29,Class_compiled.xml
objectName,,,equipment,bullets,1862-06-29,Class_compiled.xml
objectName,,,equipment,handkerchief,1862-06-29,Class_compiled.xml
objectName,,,body,sweat,1862-06-29,Class_compiled.xml
objectName,,,body,face,1862-06-29,Class_compiled.xml
objectName,,,equipment,cards,1862-06-29,Class_compiled.xml
objectName,,,equipment,cards,1862-06-29,Class_compiled.xml
objectName,,,clothes,jacket,1862-06-29,Class_compiled.xml
objectName,,,equipment,cards,1862-06-29,Class_compiled.xml
objectName,,,equipment,baggage,1862-06-29,Class_compiled.xml
objectName,,,equipment,target,1862-06-30,Class_compiled.xml
objectName,,,equipment,oars,1862-06-07,Class_compiled.xml
objectName,,,equipment,blocks,1862-06-07,Class_compiled.xml
objectName,,,equipment,hay,1862-06-07,Class_compiled.xml
objectName,,,food,oats,1862-06-07,Class_compiled.xml
objectName,,,vehicle,schooner,1862-06-07,Class_compiled.xml
objectName,,,equipment,hay,1862-06-07,Class_compiled.xml
objectName,,,equipment,hay,1862-06-07,Class_compiled.xml
objectName,,,,bales,1862-06-07,Class_compiled.xml
objectName,,,,forage,1862-06-07,Class_compiled.xml
objectName,,,equipment,smuggled goods,1862-06-07,Class_compiled.xml
objectName,,,,minces,1862-06-07,Class_compiled.xml
objectName,,,readable,mail,1862-06-07,Class_compiled.xml
objectName,,,readable,letter,1862-06-07,Class_compiled.xml
objectName,,,vehicle,gun boats,1862-06-08,Class_compiled.xml
objectName,,,food,roast pork,1862-06-08,Class_compiled.xml
objectName,,,food,boiled ham,1862-06-08,Class_compiled.xml
objectName,,,food,tomatoes,1862-06-08,Class_compiled.xml
objectName,,,food,potatoes,1862-06-08,Class_compiled.xml
objectName,,,,honey,1862-06-09,Class_compiled.xml
objectName,,,,mutton,1862-06-09,Class_compiled.xml
objectName,,,equipment,guns,1862-06-09,Class_compiled.xml
objectName,,,nature,bees,1862-06-09,Class_compiled.xml
objectName,,,equipment,wool,1862-06-09,Class_compiled.xml
objectName,,,readable,mail,1862-06-09,Class_compiled.xml
objectName,,,clothing,shoes,1862-06-10,Class_compiled.xml
objectName,,,clothing,stockings,1862-06-10,Class_compiled.xml
objectName,,,readible,paper,1862-06-11,Class_compiled.xml
objectName,,,clothing,dress,1862-06-11,Class_compiled.xml
objectName,,,equipment,rations,1862-06-11,Class_compiled.xml
objectName,,,readible,affidavits,1862-06-12,Class_compiled.xml
objectName,,,weather,sun,1862-06-12,Class_compiled.xml
objectName,,,vehicle,Locamotive,1862-06-12,Class_compiled.xml
objectName,,,equipment,bridge,1862-06-12,Class_compiled.xml
objectName,,,equipment,sword,1862-06-12,Class_compiled.xml
objectName,,,,horse,1862-06-12,Class_compiled.xml
objectName,,,clothing,pants,1862-06-12,Class_compiled.xml
objectName,,,,beds,1862-06-12,Class_compiled.xml
objectName,,,equipment,bayonet,1862-06-13,Class_compiled.xml
objectName,,,clothing,dress,1862-06-13,Class_compiled.xml
objectName,,,readible,mail,1862-06-13,Class_compiled.xml
objectName,,,readible,letter,1862-06-13,Class_compiled.xml
objectName,,,clothing,leather collar,1862-06-13,Class_compiled.xml
objectName,,,clothing,paper collars,1862-06-13,Class_compiled.xml
objectName,,,clothing,stockings,1862-06-13,Class_compiled.xml
objectName,,,nature,mosquitoes,1862-06-13,Class_compiled.xml
objectName,,,readible,affidavit,1862-06-21,Class_compiled.xml
objectName,,,readible,paper,1862-06-21,Class_compiled.xml
objectName,,,readible,correspondence,1862-06-21,Class_compiled.xml
objectName,,,equipment,tent,1862-06-21,Class_compiled.xml
objectName,,,,sketch,1862-06-21,Class_compiled.xml
objectName,,,equipment,sword,1862-06-21,Class_compiled.xml
objectName,,,nature,calfs,1862-06-21,Class_compiled.xml
objectName,,,nature,tail,1862-06-21,Class_compiled.xml
objectName,,,nature,tail,1862-06-21,Class_compiled.xml
objectName,,,readible,mails,1862-06-22,Class_compiled.xml
objectName,,,readible,letters,1862-06-22,Class_compiled.xml
objectName,,,,papers,1862-06-22,Class_compiled.xml
objectName,,,,$5 ,1862-06-22,Class_compiled.xml
objectName,,,equipment,arms,1862-06-22,Class_compiled.xml
objectName,,,equipment,accoutrements,1862-06-22,Class_compiled.xml
objectName,,,equipment,rifles,1862-06-22,Class_compiled.xml